session_id,user_id,outfit_id,timestamp,style_id
66178898-dfb6-4de4-8f2a-cb09e3ccbe11,,73016,23-07-19 08:53:25,5
66178898-dfb6-4de4-8f2a-cb09e3ccbe11,,79507,23-07-19 08:53:25,10
7221dea7-71a9-4387-9a0e-96325662b63b,,88572,23-07-19 08:53:53,5
7221dea7-71a9-4387-9a0e-96325662b63b,,88731,23-07-19 08:53:54,12
7221dea7-71a9-4387-9a0e-96325662b63b,,78346,23-07-19 08:53:55,3
13bd900d-d267-402f-9e10-5061351524c3,,85223,23-07-19 08:56:40,0
13bd900d-d267-402f-9e10-5061351524c3,,85205,23-07-19 08:57:01,1
0fd3b801-76f1-4f4e-bafb-5884fbcfcf7f,,80039,23-07-19 09:00:21,3
7708c8e7-4292-4ff9-99b1-27be20427e42,1.0,83783,23-07-19 09:24:53,13
7708c8e7-4292-4ff9-99b1-27be20427e42,1.0,86435,23-07-19 09:25:06,5
7708c8e7-4292-4ff9-99b1-27be20427e42,1.0,83802,23-07-19 09:25:13,8
7708c8e7-4292-4ff9-99b1-27be20427e42,1.0,90886,23-07-19 09:25:47,5
10009d66-c8c4-426c-a2db-894bbdfc82ce,2.0,86899,23-07-19 09:44:14,5
10009d66-c8c4-426c-a2db-894bbdfc82ce,2.0,84854,23-07-19 09:44:49,6
10009d66-c8c4-426c-a2db-894bbdfc82ce,2.0,83280,23-07-19 09:45:22,5
10009d66-c8c4-426c-a2db-894bbdfc82ce,2.0,80786,23-07-19 09:45:33,1
10009d66-c8c4-426c-a2db-894bbdfc82ce,2.0,79600,23-07-19 09:45:49,5
10009d66-c8c4-426c-a2db-894bbdfc82ce,2.0,79748,23-07-19 09:46:16,5
10009d66-c8c4-426c-a2db-894bbdfc82ce,2.0,81891,23-07-19 09:46:23,5
7708c8e7-4292-4ff9-99b1-27be20427e42,1.0,85362,23-07-19 09:51:42,1
7708c8e7-4292-4ff9-99b1-27be20427e42,1.0,83906,23-07-19 09:51:49,1
7708c8e7-4292-4ff9-99b1-27be20427e42,1.0,83785,23-07-19 09:53:52,5
7708c8e7-4292-4ff9-99b1-27be20427e42,1.0,72755,23-07-19 09:53:57,3
bb595a34-48b8-400b-afd4-5358439c7a6c,,86827,23-07-19 09:57:47,5
bb595a34-48b8-400b-afd4-5358439c7a6c,,78602,23-07-19 09:57:47,4
bb595a34-48b8-400b-afd4-5358439c7a6c,,80777,23-07-19 09:57:48,1
0fd3b801-76f1-4f4e-bafb-5884fbcfcf7f,,83644,23-07-19 10:09:10,1
1f61d81e-c7b5-499b-834a-fecce1428eb6,1.0,77867,23-07-19 10:10:03,3
1f61d81e-c7b5-499b-834a-fecce1428eb6,1.0,72158,23-07-19 10:10:06,0
690bb710-33c3-4c8a-b62e-604f4b6a5e64,1.0,91438,23-07-19 10:12:02,1
690bb710-33c3-4c8a-b62e-604f4b6a5e64,1.0,90645,23-07-19 10:12:06,4
3c26eb6e-d65b-4b10-9d9d-12767a7fe655,1.0,86852,23-07-19 10:12:45,1
3c26eb6e-d65b-4b10-9d9d-12767a7fe655,1.0,85724,23-07-19 10:12:46,3
1f61d81e-c7b5-499b-834a-fecce1428eb6,1.0,78746,23-07-19 10:13:52,4
97f20fda-fd10-4ed4-b6c4-15a023dea9df,4.0,72768,23-07-19 10:19:35,4
8750a9ca-a635-4dc5-8a84-49b1772a2a7b,5.0,80038,23-07-19 10:49:57,3
8750a9ca-a635-4dc5-8a84-49b1772a2a7b,5.0,72723,23-07-19 10:50:04,5
8750a9ca-a635-4dc5-8a84-49b1772a2a7b,5.0,83448,23-07-19 10:50:32,5
0fd3b801-76f1-4f4e-bafb-5884fbcfcf7f,,87450,23-07-19 11:16:10,3
0fd3b801-76f1-4f4e-bafb-5884fbcfcf7f,,89931,23-07-19 11:16:11,0
21a6e5fd-f1ee-4ef2-9779-6908746e1929,,91111,23-07-19 11:18:24,5
21a6e5fd-f1ee-4ef2-9779-6908746e1929,,84217,23-07-19 11:18:27,1
21a6e5fd-f1ee-4ef2-9779-6908746e1929,,92012,23-07-19 11:18:28,1
6f3c8a28-bc27-4d90-9cad-0c5bafe7477a,,87601,23-07-19 11:25:06,1
bbd2d525-7aad-4b98-8033-20b0692e12d0,,83000,23-07-19 11:30:58,5
bbd2d525-7aad-4b98-8033-20b0692e12d0,,85333,23-07-19 11:31:08,5
bbd2d525-7aad-4b98-8033-20b0692e12d0,,83513,23-07-19 11:31:09,5
7aa84398-26e5-4c9f-bbfd-ba8b3a22b85c,,72629,23-07-19 11:31:11,5
7e0ec2e8-02f4-4011-8727-248377f7b290,,84930,23-07-19 11:31:16,13
7aa84398-26e5-4c9f-bbfd-ba8b3a22b85c,,81458,23-07-19 11:31:18,0
7aa84398-26e5-4c9f-bbfd-ba8b3a22b85c,,84946,23-07-19 11:31:19,3
7aa84398-26e5-4c9f-bbfd-ba8b3a22b85c,,89806,23-07-19 11:31:20,5
7aa84398-26e5-4c9f-bbfd-ba8b3a22b85c,,83163,23-07-19 11:31:22,4
7aa84398-26e5-4c9f-bbfd-ba8b3a22b85c,,86994,23-07-19 11:31:25,3
7aa84398-26e5-4c9f-bbfd-ba8b3a22b85c,,90460,23-07-19 11:31:26,5
3fcb9060-93f3-4536-a045-0da27ecaa950,,88608,23-07-19 11:31:27,13
7e0ec2e8-02f4-4011-8727-248377f7b290,,84926,23-07-19 11:31:27,5
7aa84398-26e5-4c9f-bbfd-ba8b3a22b85c,,82189,23-07-19 11:31:29,4
7aa84398-26e5-4c9f-bbfd-ba8b3a22b85c,,89841,23-07-19 11:31:29,1
3fcb9060-93f3-4536-a045-0da27ecaa950,,87272,23-07-19 11:31:30,5
3fcb9060-93f3-4536-a045-0da27ecaa950,,86732,23-07-19 11:31:38,4
7e0ec2e8-02f4-4011-8727-248377f7b290,,84219,23-07-19 11:31:41,5
946e9035-053c-4395-a6cb-a812d781ce06,,82784,23-07-19 11:31:57,5
5b068163-6ac6-4409-9601-e048d092f358,,91685,23-07-19 11:31:58,11
bbd2d525-7aad-4b98-8033-20b0692e12d0,,86286,23-07-19 11:31:58,13
946e9035-053c-4395-a6cb-a812d781ce06,,84247,23-07-19 11:32:00,15
5b068163-6ac6-4409-9601-e048d092f358,,82980,23-07-19 11:32:02,1
3fcb9060-93f3-4536-a045-0da27ecaa950,,92147,23-07-19 11:32:06,5
5b068163-6ac6-4409-9601-e048d092f358,,85886,23-07-19 11:32:15,11
6b538cfc-7f83-4f3d-8d7f-8b96870d5658,,73169,23-07-19 11:32:19,3
5b068163-6ac6-4409-9601-e048d092f358,,88741,23-07-19 11:32:21,4
6b538cfc-7f83-4f3d-8d7f-8b96870d5658,,86154,23-07-19 11:32:33,1
5b068163-6ac6-4409-9601-e048d092f358,,84962,23-07-19 11:32:34,11
3fcb9060-93f3-4536-a045-0da27ecaa950,,73579,23-07-19 11:32:36,5
5b068163-6ac6-4409-9601-e048d092f358,,81193,23-07-19 11:32:36,1
6b538cfc-7f83-4f3d-8d7f-8b96870d5658,,82366,23-07-19 11:32:37,1
bbd2d525-7aad-4b98-8033-20b0692e12d0,,72903,23-07-19 11:33:19,0
bbd2d525-7aad-4b98-8033-20b0692e12d0,,89900,23-07-19 11:33:20,5
b42f4927-fde6-4ad6-b54e-dc1a01cb985d,6.0,80787,23-07-19 11:33:31,11
b42f4927-fde6-4ad6-b54e-dc1a01cb985d,6.0,83381,23-07-19 11:33:32,3
b42f4927-fde6-4ad6-b54e-dc1a01cb985d,6.0,81790,23-07-19 11:33:33,5
b42f4927-fde6-4ad6-b54e-dc1a01cb985d,6.0,83869,23-07-19 11:33:34,3
b42f4927-fde6-4ad6-b54e-dc1a01cb985d,6.0,88414,23-07-19 11:33:35,5
b42f4927-fde6-4ad6-b54e-dc1a01cb985d,6.0,84689,23-07-19 11:33:36,0
b42f4927-fde6-4ad6-b54e-dc1a01cb985d,6.0,80984,23-07-19 11:33:37,0
b42f4927-fde6-4ad6-b54e-dc1a01cb985d,6.0,84088,23-07-19 11:33:38,1
6b538cfc-7f83-4f3d-8d7f-8b96870d5658,,90229,23-07-19 11:33:40,1
b42f4927-fde6-4ad6-b54e-dc1a01cb985d,6.0,83323,23-07-19 11:33:40,1
7acb8224-f370-40a8-8dd1-9c050d9d6042,,72753,23-07-19 11:33:41,4
b42f4927-fde6-4ad6-b54e-dc1a01cb985d,6.0,81158,23-07-19 11:33:41,5
b42f4927-fde6-4ad6-b54e-dc1a01cb985d,6.0,79205,23-07-19 11:33:42,0
b42f4927-fde6-4ad6-b54e-dc1a01cb985d,6.0,88834,23-07-19 11:33:43,5
6fabac75-dd43-42c2-ae9b-149d2b17c1d1,,90166,23-07-19 11:34:02,5
6fabac75-dd43-42c2-ae9b-149d2b17c1d1,,88622,23-07-19 11:34:03,5
6fabac75-dd43-42c2-ae9b-149d2b17c1d1,,90164,23-07-19 11:34:05,5
7acb8224-f370-40a8-8dd1-9c050d9d6042,,86669,23-07-19 11:34:10,4
7acb8224-f370-40a8-8dd1-9c050d9d6042,,82780,23-07-19 11:34:12,0
7acb8224-f370-40a8-8dd1-9c050d9d6042,,91494,23-07-19 11:34:17,4
ba2e7b79-d58c-4a13-857c-8ec3802cd9ce,,91511,23-07-19 11:34:30,5
ba2e7b79-d58c-4a13-857c-8ec3802cd9ce,,88186,23-07-19 11:34:30,5
ba2e7b79-d58c-4a13-857c-8ec3802cd9ce,,82143,23-07-19 11:34:36,9
ba2e7b79-d58c-4a13-857c-8ec3802cd9ce,,72743,23-07-19 11:34:39,5
ba2e7b79-d58c-4a13-857c-8ec3802cd9ce,,84975,23-07-19 11:34:51,5
ba2e7b79-d58c-4a13-857c-8ec3802cd9ce,,73376,23-07-19 11:35:09,1
ba2e7b79-d58c-4a13-857c-8ec3802cd9ce,,92101,23-07-19 11:35:12,0
ba2e7b79-d58c-4a13-857c-8ec3802cd9ce,,84769,23-07-19 11:35:16,13
ba2e7b79-d58c-4a13-857c-8ec3802cd9ce,,83663,23-07-19 11:35:19,11
ba2e7b79-d58c-4a13-857c-8ec3802cd9ce,,73605,23-07-19 11:35:23,0
ba2e7b79-d58c-4a13-857c-8ec3802cd9ce,,81996,23-07-19 11:35:41,1
ba2e7b79-d58c-4a13-857c-8ec3802cd9ce,,84368,23-07-19 11:35:42,5
ba2e7b79-d58c-4a13-857c-8ec3802cd9ce,,92006,23-07-19 11:35:44,0
b4612c96-8787-45b8-bfec-8cacf6d7259a,,89628,23-07-19 11:35:45,1
ba2e7b79-d58c-4a13-857c-8ec3802cd9ce,,90577,23-07-19 11:35:47,5
ba2e7b79-d58c-4a13-857c-8ec3802cd9ce,,79616,23-07-19 11:35:49,5
97637982-af55-4703-82a5-5f40e2f55cf2,,88796,23-07-19 11:35:56,1
a6a6cedb-68fa-4b34-8a29-f092e78d218b,,89863,23-07-19 11:36:09,5
a6a6cedb-68fa-4b34-8a29-f092e78d218b,,81237,23-07-19 11:36:13,5
7acb8224-f370-40a8-8dd1-9c050d9d6042,,84355,23-07-19 11:36:23,4
97637982-af55-4703-82a5-5f40e2f55cf2,,78502,23-07-19 11:36:25,4
a6a6cedb-68fa-4b34-8a29-f092e78d218b,,73331,23-07-19 11:36:28,5
97637982-af55-4703-82a5-5f40e2f55cf2,,91093,23-07-19 11:36:42,0
b4612c96-8787-45b8-bfec-8cacf6d7259a,,84406,23-07-19 11:37:01,1
b4612c96-8787-45b8-bfec-8cacf6d7259a,,81424,23-07-19 11:37:09,1
b4612c96-8787-45b8-bfec-8cacf6d7259a,,91603,23-07-19 11:37:47,1
fe3b84c2-5dba-4788-bf69-cb7b1ea170f0,7.0,90606,23-07-19 11:39:29,1
fe3b84c2-5dba-4788-bf69-cb7b1ea170f0,7.0,90998,23-07-19 11:39:37,4
fe3b84c2-5dba-4788-bf69-cb7b1ea170f0,7.0,84960,23-07-19 11:40:15,5
e2c2c9a7-bd8c-4754-997b-6bab9ef708b7,,80263,23-07-19 11:40:27,4
e2c2c9a7-bd8c-4754-997b-6bab9ef708b7,,82930,23-07-19 11:40:29,1
88e4ffd1-563e-4553-9eed-82a79ff018f6,,81919,23-07-19 11:40:34,5
dff83fe1-8d0b-4c70-93b7-0ad18e002c55,,89897,23-07-19 11:40:38,5
e2c2c9a7-bd8c-4754-997b-6bab9ef708b7,,81800,23-07-19 11:40:39,1
dff83fe1-8d0b-4c70-93b7-0ad18e002c55,,90093,23-07-19 11:40:53,0
dff83fe1-8d0b-4c70-93b7-0ad18e002c55,,88935,23-07-19 11:40:57,0
fe3b84c2-5dba-4788-bf69-cb7b1ea170f0,7.0,83318,23-07-19 11:41:14,1
2889e5d1-7eb3-4ba3-b8eb-fab71e2687e0,,72477,23-07-19 11:41:19,6
fe3b84c2-5dba-4788-bf69-cb7b1ea170f0,7.0,83521,23-07-19 11:41:20,5
fe3b84c2-5dba-4788-bf69-cb7b1ea170f0,7.0,82192,23-07-19 11:41:21,5
fe3b84c2-5dba-4788-bf69-cb7b1ea170f0,7.0,89988,23-07-19 11:41:32,1
fe3b84c2-5dba-4788-bf69-cb7b1ea170f0,7.0,82139,23-07-19 11:41:35,5
fe3b84c2-5dba-4788-bf69-cb7b1ea170f0,7.0,82567,23-07-19 11:41:44,4
fe3b84c2-5dba-4788-bf69-cb7b1ea170f0,7.0,82115,23-07-19 11:41:46,1
fe3b84c2-5dba-4788-bf69-cb7b1ea170f0,7.0,84883,23-07-19 11:41:47,0
fe3b84c2-5dba-4788-bf69-cb7b1ea170f0,7.0,71568,23-07-19 11:41:56,3
6c732cf9-dfed-4291-9bee-9257ca88d265,9.0,85140,23-07-19 11:42:04,1
6c732cf9-dfed-4291-9bee-9257ca88d265,9.0,73060,23-07-19 11:42:07,0
6c732cf9-dfed-4291-9bee-9257ca88d265,9.0,78966,23-07-19 11:42:09,5
6c732cf9-dfed-4291-9bee-9257ca88d265,9.0,89785,23-07-19 11:42:10,1
6c732cf9-dfed-4291-9bee-9257ca88d265,9.0,84331,23-07-19 11:42:11,0
72fafa82-ab9e-4d68-a9b1-a9a04d82e921,8.0,78011,23-07-19 11:42:12,4
fe3b84c2-5dba-4788-bf69-cb7b1ea170f0,7.0,91237,23-07-19 11:42:13,1
72fafa82-ab9e-4d68-a9b1-a9a04d82e921,8.0,72094,23-07-19 11:42:15,1
72fafa82-ab9e-4d68-a9b1-a9a04d82e921,8.0,80307,23-07-19 11:42:26,1
72fafa82-ab9e-4d68-a9b1-a9a04d82e921,8.0,91593,23-07-19 11:42:28,1
72fafa82-ab9e-4d68-a9b1-a9a04d82e921,8.0,84801,23-07-19 11:42:31,1
72fafa82-ab9e-4d68-a9b1-a9a04d82e921,8.0,83549,23-07-19 11:42:34,3
72fafa82-ab9e-4d68-a9b1-a9a04d82e921,8.0,71937,23-07-19 11:42:36,1
72fafa82-ab9e-4d68-a9b1-a9a04d82e921,8.0,90852,23-07-19 11:42:38,0
72fafa82-ab9e-4d68-a9b1-a9a04d82e921,8.0,86143,23-07-19 11:42:39,3
72fafa82-ab9e-4d68-a9b1-a9a04d82e921,8.0,86107,23-07-19 11:42:43,1
72fafa82-ab9e-4d68-a9b1-a9a04d82e921,8.0,87946,23-07-19 11:42:44,0
42650752-da51-413e-a19b-0bbfd99ad1cc,,73731,23-07-19 11:43:18,5
42650752-da51-413e-a19b-0bbfd99ad1cc,,85712,23-07-19 11:43:19,3
42650752-da51-413e-a19b-0bbfd99ad1cc,,80377,23-07-19 11:43:20,5
42650752-da51-413e-a19b-0bbfd99ad1cc,,86408,23-07-19 11:43:21,5
42650752-da51-413e-a19b-0bbfd99ad1cc,,83347,23-07-19 11:43:23,3
e6bff875-488a-4e3f-8c52-dc6ade74fe4d,10.0,89826,23-07-19 11:43:24,5
42650752-da51-413e-a19b-0bbfd99ad1cc,,84259,23-07-19 11:43:27,3
42650752-da51-413e-a19b-0bbfd99ad1cc,,90982,23-07-19 11:43:29,5
42650752-da51-413e-a19b-0bbfd99ad1cc,,74010,23-07-19 11:43:31,5
42650752-da51-413e-a19b-0bbfd99ad1cc,,90169,23-07-19 11:43:32,5
e6bff875-488a-4e3f-8c52-dc6ade74fe4d,10.0,72924,23-07-19 11:43:33,5
e6bff875-488a-4e3f-8c52-dc6ade74fe4d,10.0,78089,23-07-19 11:43:36,5
02bfeca8-0440-42df-bba7-adbdea393ef4,11.0,86535,23-07-19 11:43:37,4
3d6a8c59-9c32-4c16-9f28-3f869f261543,12.0,81698,23-07-19 11:43:41,5
42650752-da51-413e-a19b-0bbfd99ad1cc,,88430,23-07-19 11:43:42,6
3d6a8c59-9c32-4c16-9f28-3f869f261543,12.0,85261,23-07-19 11:43:49,4
582bd484-d527-4d7f-bc78-277fc37e56d8,13.0,84646,23-07-19 11:43:49,13
3d6a8c59-9c32-4c16-9f28-3f869f261543,12.0,80553,23-07-19 11:43:51,3
582bd484-d527-4d7f-bc78-277fc37e56d8,13.0,71770,23-07-19 11:43:52,5
02bfeca8-0440-42df-bba7-adbdea393ef4,11.0,87736,23-07-19 11:43:55,4
3d6a8c59-9c32-4c16-9f28-3f869f261543,12.0,81924,23-07-19 11:43:56,3
3d6a8c59-9c32-4c16-9f28-3f869f261543,12.0,87260,23-07-19 11:43:57,5
42650752-da51-413e-a19b-0bbfd99ad1cc,,73938,23-07-19 11:43:58,3
02bfeca8-0440-42df-bba7-adbdea393ef4,11.0,80776,23-07-19 11:43:59,1
42650752-da51-413e-a19b-0bbfd99ad1cc,,91364,23-07-19 11:43:59,3
42650752-da51-413e-a19b-0bbfd99ad1cc,,92011,23-07-19 11:44:06,3
42650752-da51-413e-a19b-0bbfd99ad1cc,,84728,23-07-19 11:44:07,5
42650752-da51-413e-a19b-0bbfd99ad1cc,,88522,23-07-19 11:44:10,5
42650752-da51-413e-a19b-0bbfd99ad1cc,,82812,23-07-19 11:44:11,5
e6bff875-488a-4e3f-8c52-dc6ade74fe4d,10.0,85193,23-07-19 11:44:11,5
42650752-da51-413e-a19b-0bbfd99ad1cc,,88515,23-07-19 11:44:12,3
582bd484-d527-4d7f-bc78-277fc37e56d8,13.0,84002,23-07-19 11:44:14,1
3d6a8c59-9c32-4c16-9f28-3f869f261543,12.0,71848,23-07-19 11:44:15,0
02bfeca8-0440-42df-bba7-adbdea393ef4,11.0,90119,23-07-19 11:44:16,1
3d6a8c59-9c32-4c16-9f28-3f869f261543,12.0,90350,23-07-19 11:44:16,4
582bd484-d527-4d7f-bc78-277fc37e56d8,13.0,90637,23-07-19 11:44:16,0
02bfeca8-0440-42df-bba7-adbdea393ef4,11.0,90093,23-07-19 11:44:17,0
3d6a8c59-9c32-4c16-9f28-3f869f261543,12.0,79375,23-07-19 11:44:18,5
3d6a8c59-9c32-4c16-9f28-3f869f261543,12.0,74019,23-07-19 11:44:19,5
3d6a8c59-9c32-4c16-9f28-3f869f261543,12.0,80725,23-07-19 11:44:24,1
3d6a8c59-9c32-4c16-9f28-3f869f261543,12.0,87428,23-07-19 11:44:29,1
3d6a8c59-9c32-4c16-9f28-3f869f261543,12.0,90893,23-07-19 11:44:37,13
3d6a8c59-9c32-4c16-9f28-3f869f261543,12.0,78276,23-07-19 11:44:41,5
3d6a8c59-9c32-4c16-9f28-3f869f261543,12.0,92068,23-07-19 11:44:47,5
e6bff875-488a-4e3f-8c52-dc6ade74fe4d,10.0,87341,23-07-19 11:44:47,5
3d6a8c59-9c32-4c16-9f28-3f869f261543,12.0,84367,23-07-19 11:44:49,5
3d6a8c59-9c32-4c16-9f28-3f869f261543,12.0,84868,23-07-19 11:44:56,1
fe3b84c2-5dba-4788-bf69-cb7b1ea170f0,7.0,91211,23-07-19 11:45:02,4
3d6a8c59-9c32-4c16-9f28-3f869f261543,12.0,84255,23-07-19 11:45:04,3
e6bff875-488a-4e3f-8c52-dc6ade74fe4d,10.0,87343,23-07-19 11:45:11,1
fe3b84c2-5dba-4788-bf69-cb7b1ea170f0,7.0,80393,23-07-19 11:45:20,13
7c2932a1-3185-4886-9f75-1d5ecf763b9c,,83310,23-07-19 11:45:28,1
fe3b84c2-5dba-4788-bf69-cb7b1ea170f0,7.0,92116,23-07-19 11:45:29,1
fe3b84c2-5dba-4788-bf69-cb7b1ea170f0,7.0,88386,23-07-19 11:45:33,4
fe3b84c2-5dba-4788-bf69-cb7b1ea170f0,7.0,79865,23-07-19 11:45:43,0
fe3b84c2-5dba-4788-bf69-cb7b1ea170f0,7.0,84794,23-07-19 11:45:48,5
fe3b84c2-5dba-4788-bf69-cb7b1ea170f0,7.0,81223,23-07-19 11:45:51,5
bc717892-378e-469d-a821-fdb54f39fe56,,88515,23-07-19 11:45:52,3
a936366e-3906-470a-b86f-e335eea188ee,,78813,23-07-19 11:45:56,5
bc717892-378e-469d-a821-fdb54f39fe56,,82773,23-07-19 11:45:59,0
fe3b84c2-5dba-4788-bf69-cb7b1ea170f0,7.0,84963,23-07-19 11:46:01,13
bc717892-378e-469d-a821-fdb54f39fe56,,80433,23-07-19 11:46:07,0
fe3b84c2-5dba-4788-bf69-cb7b1ea170f0,7.0,80640,23-07-19 11:46:08,4
bc717892-378e-469d-a821-fdb54f39fe56,,83097,23-07-19 11:46:12,0
fe3b84c2-5dba-4788-bf69-cb7b1ea170f0,7.0,84888,23-07-19 11:46:13,5
5179a3a0-5a1f-43d6-acd8-94770309759e,,72798,23-07-19 11:46:14,3
fe3b84c2-5dba-4788-bf69-cb7b1ea170f0,7.0,88259,23-07-19 11:46:15,1
5179a3a0-5a1f-43d6-acd8-94770309759e,,72868,23-07-19 11:46:17,5
bc717892-378e-469d-a821-fdb54f39fe56,,89848,23-07-19 11:46:17,8
fe3b84c2-5dba-4788-bf69-cb7b1ea170f0,7.0,88869,23-07-19 11:46:18,5
5179a3a0-5a1f-43d6-acd8-94770309759e,,90052,23-07-19 11:46:21,3
a936366e-3906-470a-b86f-e335eea188ee,,80349,23-07-19 11:46:21,0
a936366e-3906-470a-b86f-e335eea188ee,,89061,23-07-19 11:46:28,1
bc717892-378e-469d-a821-fdb54f39fe56,,73995,23-07-19 11:46:34,3
bc717892-378e-469d-a821-fdb54f39fe56,,90238,23-07-19 11:46:39,4
bc717892-378e-469d-a821-fdb54f39fe56,,86640,23-07-19 11:46:46,11
bc717892-378e-469d-a821-fdb54f39fe56,,88674,23-07-19 11:46:48,0
fe3b84c2-5dba-4788-bf69-cb7b1ea170f0,7.0,85358,23-07-19 11:46:51,4
fe3b84c2-5dba-4788-bf69-cb7b1ea170f0,7.0,82638,23-07-19 11:47:03,5
fe3b84c2-5dba-4788-bf69-cb7b1ea170f0,7.0,90409,23-07-19 11:47:06,4
02bfeca8-0440-42df-bba7-adbdea393ef4,11.0,83181,23-07-19 11:47:13,4
bc717892-378e-469d-a821-fdb54f39fe56,,88378,23-07-19 11:47:18,4
bc717892-378e-469d-a821-fdb54f39fe56,,87700,23-07-19 11:47:23,4
3d633487-9b78-4403-a424-0ceac46a2a29,,88555,23-07-19 11:47:25,11
fe3b84c2-5dba-4788-bf69-cb7b1ea170f0,7.0,87627,23-07-19 11:47:29,1
bc717892-378e-469d-a821-fdb54f39fe56,,90814,23-07-19 11:47:30,4
bc717892-378e-469d-a821-fdb54f39fe56,,79002,23-07-19 11:47:34,1
bc717892-378e-469d-a821-fdb54f39fe56,,81886,23-07-19 11:47:35,1
bc717892-378e-469d-a821-fdb54f39fe56,,87699,23-07-19 11:47:37,11
bc717892-378e-469d-a821-fdb54f39fe56,,89352,23-07-19 11:47:39,1
3d633487-9b78-4403-a424-0ceac46a2a29,,83865,23-07-19 11:47:44,4
28f93c9f-2025-4824-9160-64afffabd517,,84574,23-07-19 11:47:49,5
fe3b84c2-5dba-4788-bf69-cb7b1ea170f0,7.0,85873,23-07-19 11:47:51,0
bc717892-378e-469d-a821-fdb54f39fe56,,84177,23-07-19 11:47:54,0
bc717892-378e-469d-a821-fdb54f39fe56,,84098,23-07-19 11:47:54,0
28f93c9f-2025-4824-9160-64afffabd517,,91597,23-07-19 11:47:55,5
fe3b84c2-5dba-4788-bf69-cb7b1ea170f0,7.0,80957,23-07-19 11:47:57,0
28f93c9f-2025-4824-9160-64afffabd517,,78982,23-07-19 11:48:03,1
28f93c9f-2025-4824-9160-64afffabd517,,72080,23-07-19 11:48:05,5
fe3b84c2-5dba-4788-bf69-cb7b1ea170f0,7.0,91372,23-07-19 11:48:09,4
fe3b84c2-5dba-4788-bf69-cb7b1ea170f0,7.0,90135,23-07-19 11:48:11,11
3d633487-9b78-4403-a424-0ceac46a2a29,,86761,23-07-19 11:48:12,1
fe3b84c2-5dba-4788-bf69-cb7b1ea170f0,7.0,84659,23-07-19 11:48:15,1
3d633487-9b78-4403-a424-0ceac46a2a29,,71966,23-07-19 11:48:18,3
fe3b84c2-5dba-4788-bf69-cb7b1ea170f0,7.0,79579,23-07-19 11:48:18,5
fe3b84c2-5dba-4788-bf69-cb7b1ea170f0,7.0,84829,23-07-19 11:48:22,1
fe3b84c2-5dba-4788-bf69-cb7b1ea170f0,7.0,86523,23-07-19 11:48:25,1
fe3b84c2-5dba-4788-bf69-cb7b1ea170f0,7.0,90973,23-07-19 11:48:28,11
fe3b84c2-5dba-4788-bf69-cb7b1ea170f0,7.0,82414,23-07-19 11:48:39,1
fe3b84c2-5dba-4788-bf69-cb7b1ea170f0,7.0,80689,23-07-19 11:48:50,1
fe3b84c2-5dba-4788-bf69-cb7b1ea170f0,7.0,85081,23-07-19 11:48:59,11
2fba957e-300e-4a56-8b24-6f10b7773e7a,14.0,73450,23-07-19 11:50:28,3
b6a72ddc-18f1-44e6-89f0-b35e1f91f62c,,85873,23-07-19 11:51:00,0
0a1eba50-3939-4a94-9916-0fec86ade62e,,83795,23-07-19 11:51:04,13
4e3a831c-c834-42c9-b099-cb6b35bd168c,,79391,23-07-19 11:51:05,11
b6a72ddc-18f1-44e6-89f0-b35e1f91f62c,,90584,23-07-19 11:51:08,1
0a1eba50-3939-4a94-9916-0fec86ade62e,,72775,23-07-19 11:51:13,5
666ccab2-71c3-44ee-92f3-cd7b5d72faae,,92007,23-07-19 11:51:13,5
0a1eba50-3939-4a94-9916-0fec86ade62e,,80153,23-07-19 11:51:14,5
666ccab2-71c3-44ee-92f3-cd7b5d72faae,,71925,23-07-19 11:51:14,6
b6a72ddc-18f1-44e6-89f0-b35e1f91f62c,,88633,23-07-19 11:51:25,5
fe3b84c2-5dba-4788-bf69-cb7b1ea170f0,7.0,83072,23-07-19 11:51:28,1
fe3b84c2-5dba-4788-bf69-cb7b1ea170f0,7.0,85523,23-07-19 11:51:43,1
b6a72ddc-18f1-44e6-89f0-b35e1f91f62c,,83022,23-07-19 11:51:49,1
b6a72ddc-18f1-44e6-89f0-b35e1f91f62c,,91138,23-07-19 11:51:55,1
666ccab2-71c3-44ee-92f3-cd7b5d72faae,,89805,23-07-19 11:51:58,5
b6a72ddc-18f1-44e6-89f0-b35e1f91f62c,,71981,23-07-19 11:52:00,0
b6a72ddc-18f1-44e6-89f0-b35e1f91f62c,,91072,23-07-19 11:52:08,4
fe3b84c2-5dba-4788-bf69-cb7b1ea170f0,7.0,91513,23-07-19 11:52:08,1
fe3b84c2-5dba-4788-bf69-cb7b1ea170f0,7.0,86709,23-07-19 11:52:32,1
f58e3ebc-f51f-4318-b1e5-cb22379ce91f,,86278,23-07-19 11:53:29,5
f58e3ebc-f51f-4318-b1e5-cb22379ce91f,,78826,23-07-19 11:53:48,5
f58e3ebc-f51f-4318-b1e5-cb22379ce91f,,86194,23-07-19 11:53:49,5
e453288e-4035-45e9-8af1-695a38b16397,,92139,23-07-19 11:54:02,5
e453288e-4035-45e9-8af1-695a38b16397,,88054,23-07-19 11:54:03,12
e453288e-4035-45e9-8af1-695a38b16397,,90408,23-07-19 11:54:04,1
e453288e-4035-45e9-8af1-695a38b16397,,78382,23-07-19 11:54:05,1
f58e3ebc-f51f-4318-b1e5-cb22379ce91f,,81305,23-07-19 11:54:13,5
f58e3ebc-f51f-4318-b1e5-cb22379ce91f,,80046,23-07-19 11:54:20,5
6f877d9b-52da-4b48-a651-067e1f6917c0,,91019,23-07-19 11:55:50,0
6f877d9b-52da-4b48-a651-067e1f6917c0,,88211,23-07-19 11:55:50,11
1d895133-5f8b-48bb-b8cf-85318189d2c4,,78645,23-07-19 11:55:51,3
1d895133-5f8b-48bb-b8cf-85318189d2c4,,87072,23-07-19 11:55:53,5
1d895133-5f8b-48bb-b8cf-85318189d2c4,,87868,23-07-19 11:55:55,0
1d895133-5f8b-48bb-b8cf-85318189d2c4,,78441,23-07-19 11:56:02,0
6f877d9b-52da-4b48-a651-067e1f6917c0,,71533,23-07-19 11:56:12,3
6f877d9b-52da-4b48-a651-067e1f6917c0,,84405,23-07-19 11:56:14,7
fe3b84c2-5dba-4788-bf69-cb7b1ea170f0,7.0,83700,23-07-19 11:56:28,11
1d895133-5f8b-48bb-b8cf-85318189d2c4,,83451,23-07-19 11:56:39,12
1d895133-5f8b-48bb-b8cf-85318189d2c4,,83941,23-07-19 11:56:44,5
4e3a831c-c834-42c9-b099-cb6b35bd168c,,84895,23-07-19 12:04:31,5
4e3a831c-c834-42c9-b099-cb6b35bd168c,,91944,23-07-19 12:04:44,5
4e3a831c-c834-42c9-b099-cb6b35bd168c,,84901,23-07-19 12:08:03,5
4e3a831c-c834-42c9-b099-cb6b35bd168c,,84898,23-07-19 12:08:08,5
510185dd-9571-4689-85d9-451dd6cc6698,,82386,23-07-19 12:08:39,11
510185dd-9571-4689-85d9-451dd6cc6698,,90917,23-07-19 12:08:41,5
510185dd-9571-4689-85d9-451dd6cc6698,,80413,23-07-19 12:08:45,11
16d32851-7fff-4c8c-a10b-0f03c7d54906,15.0,87907,23-07-19 12:09:39,5
16d32851-7fff-4c8c-a10b-0f03c7d54906,15.0,84788,23-07-19 12:09:41,5
adc337f4-0418-4249-ba78-203729068be2,,85612,23-07-19 12:10:16,1
adc337f4-0418-4249-ba78-203729068be2,,91048,23-07-19 12:10:20,5
adc337f4-0418-4249-ba78-203729068be2,,73135,23-07-19 12:10:25,5
adc337f4-0418-4249-ba78-203729068be2,,78437,23-07-19 12:10:26,3
ba504b5c-da17-4c53-b788-c20bb6a1d235,,81038,23-07-19 12:10:26,11
adc337f4-0418-4249-ba78-203729068be2,,87714,23-07-19 12:10:28,1
adc337f4-0418-4249-ba78-203729068be2,,86412,23-07-19 12:10:29,5
adc337f4-0418-4249-ba78-203729068be2,,86896,23-07-19 12:10:33,1
ba504b5c-da17-4c53-b788-c20bb6a1d235,,82389,23-07-19 12:10:36,0
3d633487-9b78-4403-a424-0ceac46a2a29,,84355,23-07-19 12:13:23,4
3d633487-9b78-4403-a424-0ceac46a2a29,,82694,23-07-19 12:13:25,11
63c222e9-e180-4cd3-b6f4-69de72670d2f,,72443,23-07-19 12:15:31,1
63c222e9-e180-4cd3-b6f4-69de72670d2f,,81374,23-07-19 12:15:48,12
63c222e9-e180-4cd3-b6f4-69de72670d2f,,91051,23-07-19 12:15:59,10
a2c85dfb-bd6d-4357-b052-1618145476da,,79520,23-07-19 12:16:05,13
a2c85dfb-bd6d-4357-b052-1618145476da,,87332,23-07-19 12:16:08,5
a2c85dfb-bd6d-4357-b052-1618145476da,,87401,23-07-19 12:16:10,5
63c222e9-e180-4cd3-b6f4-69de72670d2f,,82235,23-07-19 12:16:17,1
a2c85dfb-bd6d-4357-b052-1618145476da,,81755,23-07-19 12:16:22,3
a2c85dfb-bd6d-4357-b052-1618145476da,,85890,23-07-19 12:16:28,2
63c222e9-e180-4cd3-b6f4-69de72670d2f,,84582,23-07-19 12:16:37,5
a2c85dfb-bd6d-4357-b052-1618145476da,,72528,23-07-19 12:16:47,5
ab95ebf6-1fa5-4aca-8c30-3c9dbb32d217,,73586,23-07-19 12:19:35,5
892daf31-c84a-42f5-96bf-66fdd83f89bf,16.0,82238,23-07-19 12:19:57,5
892daf31-c84a-42f5-96bf-66fdd83f89bf,16.0,71605,23-07-19 12:20:51,4
892daf31-c84a-42f5-96bf-66fdd83f89bf,16.0,90498,23-07-19 12:20:53,1
892daf31-c84a-42f5-96bf-66fdd83f89bf,16.0,80821,23-07-19 12:20:57,5
892daf31-c84a-42f5-96bf-66fdd83f89bf,16.0,89108,23-07-19 12:21:06,5
892daf31-c84a-42f5-96bf-66fdd83f89bf,16.0,81951,23-07-19 12:21:09,11
892daf31-c84a-42f5-96bf-66fdd83f89bf,16.0,90191,23-07-19 12:21:24,4
892daf31-c84a-42f5-96bf-66fdd83f89bf,16.0,82441,23-07-19 12:21:35,11
892daf31-c84a-42f5-96bf-66fdd83f89bf,16.0,87910,23-07-19 12:21:43,5
892daf31-c84a-42f5-96bf-66fdd83f89bf,16.0,79819,23-07-19 12:21:47,4
ebd503d1-a687-4a0d-b965-67354a7dc585,,82455,23-07-19 12:24:19,4
ebd503d1-a687-4a0d-b965-67354a7dc585,,82370,23-07-19 12:24:44,4
8551f4b3-5754-47a5-8e0c-99919a5c8a74,17.0,90217,23-07-19 12:24:51,1
8551f4b3-5754-47a5-8e0c-99919a5c8a74,17.0,91638,23-07-19 12:24:58,5
8551f4b3-5754-47a5-8e0c-99919a5c8a74,17.0,86408,23-07-19 12:25:06,5
8551f4b3-5754-47a5-8e0c-99919a5c8a74,17.0,82931,23-07-19 12:25:10,11
ebd503d1-a687-4a0d-b965-67354a7dc585,,87779,23-07-19 12:25:13,5
8551f4b3-5754-47a5-8e0c-99919a5c8a74,17.0,87144,23-07-19 12:25:15,11
8551f4b3-5754-47a5-8e0c-99919a5c8a74,17.0,88522,23-07-19 12:25:23,5
8551f4b3-5754-47a5-8e0c-99919a5c8a74,17.0,86451,23-07-19 12:25:24,0
8551f4b3-5754-47a5-8e0c-99919a5c8a74,17.0,85966,23-07-19 12:25:27,5
8551f4b3-5754-47a5-8e0c-99919a5c8a74,17.0,88608,23-07-19 12:25:58,13
8551f4b3-5754-47a5-8e0c-99919a5c8a74,17.0,90606,23-07-19 12:25:59,1
8551f4b3-5754-47a5-8e0c-99919a5c8a74,17.0,83495,23-07-19 12:26:10,1
8551f4b3-5754-47a5-8e0c-99919a5c8a74,17.0,81354,23-07-19 12:26:15,4
8551f4b3-5754-47a5-8e0c-99919a5c8a74,17.0,81188,23-07-19 12:26:18,11
0d63a0dd-b037-44c9-a1b7-0117d176e216,,85666,23-07-19 12:26:24,1
8551f4b3-5754-47a5-8e0c-99919a5c8a74,17.0,88938,23-07-19 12:26:24,0
0d63a0dd-b037-44c9-a1b7-0117d176e216,,92105,23-07-19 12:26:26,0
8551f4b3-5754-47a5-8e0c-99919a5c8a74,17.0,82030,23-07-19 12:26:31,1
0d63a0dd-b037-44c9-a1b7-0117d176e216,,73431,23-07-19 12:26:36,1
0d63a0dd-b037-44c9-a1b7-0117d176e216,,90981,23-07-19 12:26:41,0
8551f4b3-5754-47a5-8e0c-99919a5c8a74,17.0,80448,23-07-19 12:26:43,0
0d63a0dd-b037-44c9-a1b7-0117d176e216,,79844,23-07-19 12:26:57,3
8551f4b3-5754-47a5-8e0c-99919a5c8a74,17.0,82809,23-07-19 12:27:29,3
8551f4b3-5754-47a5-8e0c-99919a5c8a74,17.0,82294,23-07-19 12:27:44,6
8551f4b3-5754-47a5-8e0c-99919a5c8a74,17.0,91904,23-07-19 12:27:48,5
8551f4b3-5754-47a5-8e0c-99919a5c8a74,17.0,85407,23-07-19 12:27:58,0
8551f4b3-5754-47a5-8e0c-99919a5c8a74,17.0,83825,23-07-19 12:28:00,5
8551f4b3-5754-47a5-8e0c-99919a5c8a74,17.0,91631,23-07-19 12:28:06,1
8551f4b3-5754-47a5-8e0c-99919a5c8a74,17.0,92164,23-07-19 12:28:10,11
8551f4b3-5754-47a5-8e0c-99919a5c8a74,17.0,86728,23-07-19 12:28:15,5
8551f4b3-5754-47a5-8e0c-99919a5c8a74,17.0,87361,23-07-19 12:28:40,5
8551f4b3-5754-47a5-8e0c-99919a5c8a74,17.0,90749,23-07-19 12:28:52,0
8551f4b3-5754-47a5-8e0c-99919a5c8a74,17.0,83011,23-07-19 12:29:09,1
8551f4b3-5754-47a5-8e0c-99919a5c8a74,17.0,90494,23-07-19 12:29:32,1
8551f4b3-5754-47a5-8e0c-99919a5c8a74,17.0,92024,23-07-19 12:29:35,4
8551f4b3-5754-47a5-8e0c-99919a5c8a74,17.0,83070,23-07-19 12:29:37,11
8551f4b3-5754-47a5-8e0c-99919a5c8a74,17.0,91926,23-07-19 12:29:40,0
8551f4b3-5754-47a5-8e0c-99919a5c8a74,17.0,88457,23-07-19 12:29:54,11
8551f4b3-5754-47a5-8e0c-99919a5c8a74,17.0,91684,23-07-19 12:30:02,11
5ed705ac-adec-4b41-b472-8a94c2467c29,18.0,85321,23-07-19 12:30:16,5
5ed705ac-adec-4b41-b472-8a94c2467c29,18.0,90506,23-07-19 12:30:20,5
8551f4b3-5754-47a5-8e0c-99919a5c8a74,17.0,89635,23-07-19 12:30:23,4
8551f4b3-5754-47a5-8e0c-99919a5c8a74,17.0,73496,23-07-19 12:30:32,5
8551f4b3-5754-47a5-8e0c-99919a5c8a74,17.0,91498,23-07-19 12:30:40,3
8551f4b3-5754-47a5-8e0c-99919a5c8a74,17.0,80823,23-07-19 12:31:02,1
694fd956-4a63-4308-97f4-0651fb4e5556,,78897,23-07-19 12:31:13,3
8551f4b3-5754-47a5-8e0c-99919a5c8a74,17.0,89918,23-07-19 12:32:17,1
8551f4b3-5754-47a5-8e0c-99919a5c8a74,17.0,80560,23-07-19 12:32:42,3
7b8e9e47-599d-4d4e-823e-ad26635e6dcb,,71767,23-07-19 12:33:27,3
7b8e9e47-599d-4d4e-823e-ad26635e6dcb,,91107,23-07-19 12:33:28,5
9e34f055-ff4e-4bcc-9b1e-254f874413ac,20.0,83391,23-07-19 12:33:32,0
9e34f055-ff4e-4bcc-9b1e-254f874413ac,20.0,83757,23-07-19 12:33:33,11
9e34f055-ff4e-4bcc-9b1e-254f874413ac,20.0,84900,23-07-19 12:33:35,5
1e5151a7-63bb-49b2-889d-e313f42a7f54,21.0,89641,23-07-19 12:33:40,0
1e5151a7-63bb-49b2-889d-e313f42a7f54,21.0,72597,23-07-19 12:33:46,5
f17b59a1-0c6f-48d3-a0a6-108729dc1ed8,,83177,23-07-19 12:34:05,1
8551f4b3-5754-47a5-8e0c-99919a5c8a74,17.0,83789,23-07-19 12:34:47,6
971d6a16-27d5-4a03-8299-1245f57e08c3,,80826,23-07-19 12:35:11,3
8551f4b3-5754-47a5-8e0c-99919a5c8a74,17.0,85236,23-07-19 12:35:45,1
8551f4b3-5754-47a5-8e0c-99919a5c8a74,17.0,85284,23-07-19 12:36:13,1
f8dc0ea8-fc3a-435b-a93d-50c9f2d86396,4.0,80994,23-07-19 12:36:24,1
8551f4b3-5754-47a5-8e0c-99919a5c8a74,17.0,82392,23-07-19 12:36:53,1
8551f4b3-5754-47a5-8e0c-99919a5c8a74,17.0,73942,23-07-19 12:36:58,1
8551f4b3-5754-47a5-8e0c-99919a5c8a74,17.0,84414,23-07-19 12:37:06,1
8551f4b3-5754-47a5-8e0c-99919a5c8a74,17.0,83533,23-07-19 12:37:23,5
f8dc0ea8-fc3a-435b-a93d-50c9f2d86396,4.0,91476,23-07-19 12:37:31,11
f8dc0ea8-fc3a-435b-a93d-50c9f2d86396,4.0,84117,23-07-19 12:37:41,1
556adcf0-673a-4944-90c0-9c922653f6b0,,90570,23-07-19 12:38:12,5
8551f4b3-5754-47a5-8e0c-99919a5c8a74,17.0,85367,23-07-19 12:38:20,1
556adcf0-673a-4944-90c0-9c922653f6b0,,87302,23-07-19 12:38:22,5
f8dc0ea8-fc3a-435b-a93d-50c9f2d86396,4.0,72052,23-07-19 12:39:17,1
cbea2ce4-e660-46ca-ad92-ff21f0d3597d,,92001,23-07-19 12:41:28,4
cbea2ce4-e660-46ca-ad92-ff21f0d3597d,,73942,23-07-19 12:41:33,1
777d9842-12da-40cf-ab82-1d8f69fba435,24.0,90076,23-07-19 12:42:16,4
777d9842-12da-40cf-ab82-1d8f69fba435,24.0,84767,23-07-19 12:42:21,13
777d9842-12da-40cf-ab82-1d8f69fba435,24.0,89822,23-07-19 12:42:27,1
cbea2ce4-e660-46ca-ad92-ff21f0d3597d,,92124,23-07-19 12:42:28,5
777d9842-12da-40cf-ab82-1d8f69fba435,24.0,92052,23-07-19 12:42:42,11
777d9842-12da-40cf-ab82-1d8f69fba435,24.0,89600,23-07-19 12:42:54,5
777d9842-12da-40cf-ab82-1d8f69fba435,24.0,82563,23-07-19 12:44:15,3
777d9842-12da-40cf-ab82-1d8f69fba435,24.0,72912,23-07-19 12:44:28,3
777d9842-12da-40cf-ab82-1d8f69fba435,24.0,87480,23-07-19 12:44:35,4
777d9842-12da-40cf-ab82-1d8f69fba435,24.0,88935,23-07-19 12:44:46,0
777d9842-12da-40cf-ab82-1d8f69fba435,24.0,72291,23-07-19 12:44:54,4
777d9842-12da-40cf-ab82-1d8f69fba435,24.0,84042,23-07-19 12:45:29,1
777d9842-12da-40cf-ab82-1d8f69fba435,24.0,83994,23-07-19 12:46:08,3
0f3e6ce4-7bd2-450f-9de0-3c55b975f201,15.0,86519,23-07-19 12:46:37,5
0f3e6ce4-7bd2-450f-9de0-3c55b975f201,15.0,84620,23-07-19 12:46:41,13
52c705dd-2b01-43f8-ab45-7eb15ad61884,23.0,78319,23-07-19 12:46:54,5
52c705dd-2b01-43f8-ab45-7eb15ad61884,23.0,71810,23-07-19 12:46:57,1
0f3e6ce4-7bd2-450f-9de0-3c55b975f201,15.0,90026,23-07-19 12:46:59,5
0f3e6ce4-7bd2-450f-9de0-3c55b975f201,15.0,85251,23-07-19 12:47:04,1
52c705dd-2b01-43f8-ab45-7eb15ad61884,23.0,78195,23-07-19 12:47:10,5
52c705dd-2b01-43f8-ab45-7eb15ad61884,23.0,86603,23-07-19 12:47:14,1
0f3e6ce4-7bd2-450f-9de0-3c55b975f201,15.0,82589,23-07-19 12:47:15,3
0f3e6ce4-7bd2-450f-9de0-3c55b975f201,15.0,84117,23-07-19 12:47:18,1
52c705dd-2b01-43f8-ab45-7eb15ad61884,23.0,88413,23-07-19 12:47:20,5
52c705dd-2b01-43f8-ab45-7eb15ad61884,23.0,86397,23-07-19 12:47:32,5
0f3e6ce4-7bd2-450f-9de0-3c55b975f201,15.0,88750,23-07-19 12:47:57,5
0f3e6ce4-7bd2-450f-9de0-3c55b975f201,15.0,83797,23-07-19 12:48:02,8
b20670eb-5946-49d0-a0e6-8d235a6ce0e5,,86397,23-07-19 12:52:00,5
b20670eb-5946-49d0-a0e6-8d235a6ce0e5,,72197,23-07-19 12:52:01,3
b20670eb-5946-49d0-a0e6-8d235a6ce0e5,,81464,23-07-19 12:52:02,0
b20670eb-5946-49d0-a0e6-8d235a6ce0e5,,73573,23-07-19 12:52:04,3
b20670eb-5946-49d0-a0e6-8d235a6ce0e5,,84423,23-07-19 12:52:04,5
b20670eb-5946-49d0-a0e6-8d235a6ce0e5,,71644,23-07-19 12:52:05,4
b20670eb-5946-49d0-a0e6-8d235a6ce0e5,,84945,23-07-19 12:52:06,0
b20670eb-5946-49d0-a0e6-8d235a6ce0e5,,87749,23-07-19 12:52:07,1
b20670eb-5946-49d0-a0e6-8d235a6ce0e5,,81919,23-07-19 12:52:08,5
b20670eb-5946-49d0-a0e6-8d235a6ce0e5,,84141,23-07-19 12:52:09,5
b20670eb-5946-49d0-a0e6-8d235a6ce0e5,,87214,23-07-19 12:52:09,4
b20670eb-5946-49d0-a0e6-8d235a6ce0e5,,89979,23-07-19 12:52:10,5
b20670eb-5946-49d0-a0e6-8d235a6ce0e5,,86201,23-07-19 12:52:11,4
b20670eb-5946-49d0-a0e6-8d235a6ce0e5,,84405,23-07-19 12:52:12,7
b20670eb-5946-49d0-a0e6-8d235a6ce0e5,,71959,23-07-19 12:52:12,6
be6b4083-b984-42d1-8c4a-0fd48679c27e,27.0,86903,23-07-19 12:56:12,1
be6b4083-b984-42d1-8c4a-0fd48679c27e,27.0,85330,23-07-19 12:56:29,5
be6b4083-b984-42d1-8c4a-0fd48679c27e,27.0,87595,23-07-19 12:56:40,5
be6b4083-b984-42d1-8c4a-0fd48679c27e,27.0,82120,23-07-19 12:56:41,5
c8b5c6d5-b131-4df5-9bb1-1e2b52e63a41,28.0,88504,23-07-19 13:01:14,5
9b84d1f6-f3f0-4c16-9fcc-437443fe543a,,71981,23-07-19 13:05:40,0
9b84d1f6-f3f0-4c16-9fcc-437443fe543a,,84306,23-07-19 13:05:44,1
9b84d1f6-f3f0-4c16-9fcc-437443fe543a,,78352,23-07-19 13:05:53,1
835e1480-fb62-4042-b664-43f6846f5bc1,29.0,79714,23-07-19 13:09:22,5
835e1480-fb62-4042-b664-43f6846f5bc1,29.0,79900,23-07-19 13:09:25,3
835e1480-fb62-4042-b664-43f6846f5bc1,29.0,71963,23-07-19 13:09:26,3
04a49069-ce63-4144-9eba-4c6a097281a0,,79341,23-07-19 13:13:10,5
04a49069-ce63-4144-9eba-4c6a097281a0,,86158,23-07-19 13:13:27,5
04a49069-ce63-4144-9eba-4c6a097281a0,,79147,23-07-19 13:14:22,5
04a49069-ce63-4144-9eba-4c6a097281a0,,77901,23-07-19 13:14:31,5
04a49069-ce63-4144-9eba-4c6a097281a0,,78020,23-07-19 13:14:34,5
04a49069-ce63-4144-9eba-4c6a097281a0,,73656,23-07-19 13:14:37,5
7891e2fa-c342-406e-89b3-9c6de4cb9e7a,30.0,89047,23-07-19 13:24:01,5
b62f84d2-08eb-43f1-8c42-f8428d139cda,30.0,91184,23-07-19 13:26:14,5
b62f84d2-08eb-43f1-8c42-f8428d139cda,30.0,91240,23-07-19 13:26:30,5
87eb32e8-eb9a-453e-a58d-e70b14978c8d,,83588,23-07-19 13:31:55,1
713b44d8-aa3b-4a1a-8454-61e594ff3830,,71962,23-07-19 13:37:48,4
713b44d8-aa3b-4a1a-8454-61e594ff3830,,91965,23-07-19 13:38:22,11
0fd3b801-76f1-4f4e-bafb-5884fbcfcf7f,,91712,23-07-19 13:38:35,11
0fd3b801-76f1-4f4e-bafb-5884fbcfcf7f,,87304,23-07-19 13:38:38,1
a97cf490-b592-45f0-8154-5d843435020f,3.0,73616,23-07-19 13:38:44,3
a97cf490-b592-45f0-8154-5d843435020f,3.0,90027,23-07-19 13:38:46,5
a97cf490-b592-45f0-8154-5d843435020f,3.0,87412,23-07-19 13:38:48,0
a97cf490-b592-45f0-8154-5d843435020f,3.0,81666,23-07-19 13:38:49,5
2d58b5a6-4337-47c3-ade5-523dc56b2e8e,,82240,23-07-19 13:53:17,1
2d58b5a6-4337-47c3-ade5-523dc56b2e8e,,79191,23-07-19 13:53:30,3
2d58b5a6-4337-47c3-ade5-523dc56b2e8e,,86409,23-07-19 13:53:41,4
2d58b5a6-4337-47c3-ade5-523dc56b2e8e,,83873,23-07-19 13:53:44,4
2d58b5a6-4337-47c3-ade5-523dc56b2e8e,,87054,23-07-19 13:53:49,4
2d58b5a6-4337-47c3-ade5-523dc56b2e8e,,79576,23-07-19 13:54:04,4
2d58b5a6-4337-47c3-ade5-523dc56b2e8e,,87848,23-07-19 13:54:07,4
2d58b5a6-4337-47c3-ade5-523dc56b2e8e,,83189,23-07-19 13:54:33,4
c694cb22-3d6f-46c2-8fd2-6d89dc5b6d31,,91136,23-07-19 13:58:27,5
d302e8c2-71e3-4205-a609-9bc12feb1954,33.0,88178,23-07-19 14:01:13,3
d302e8c2-71e3-4205-a609-9bc12feb1954,33.0,84038,23-07-19 14:01:19,5
6380431b-300c-4ed9-91dc-fd35d1775d7b,,90095,23-07-19 14:01:27,3
d302e8c2-71e3-4205-a609-9bc12feb1954,33.0,86944,23-07-19 14:01:33,5
a4347b9b-0f88-49f0-962a-7892a39b709c,,74150,23-07-19 14:02:15,2
9334a98e-acbb-439c-bd60-b81bfc9f3d52,,73953,23-07-19 14:02:30,0
9334a98e-acbb-439c-bd60-b81bfc9f3d52,,72040,23-07-19 14:02:49,6
9334a98e-acbb-439c-bd60-b81bfc9f3d52,,81517,23-07-19 14:03:00,3
5fa36745-da8d-40cf-9bc6-a404d9418369,,80735,23-07-19 14:03:25,5
5fa36745-da8d-40cf-9bc6-a404d9418369,,84340,23-07-19 14:03:34,13
527c3b42-8cd5-40a6-847c-e3f3ca89311c,,80392,23-07-19 14:08:47,3
527c3b42-8cd5-40a6-847c-e3f3ca89311c,,89701,23-07-19 14:08:49,8
527c3b42-8cd5-40a6-847c-e3f3ca89311c,,85104,23-07-19 14:08:55,3
0f7cc487-8256-45b2-9277-4949d81f15ec,34.0,80974,23-07-19 14:10:45,3
0f7cc487-8256-45b2-9277-4949d81f15ec,34.0,87701,23-07-19 14:10:47,13
0f7cc487-8256-45b2-9277-4949d81f15ec,34.0,82654,23-07-19 14:10:48,1
0f7cc487-8256-45b2-9277-4949d81f15ec,34.0,92064,23-07-19 14:10:54,5
0f7cc487-8256-45b2-9277-4949d81f15ec,34.0,83280,23-07-19 14:11:01,5
0f7cc487-8256-45b2-9277-4949d81f15ec,34.0,81071,23-07-19 14:11:14,13
0f7cc487-8256-45b2-9277-4949d81f15ec,34.0,81739,23-07-19 14:12:53,3
0f7cc487-8256-45b2-9277-4949d81f15ec,34.0,89826,23-07-19 14:12:55,5
0f7cc487-8256-45b2-9277-4949d81f15ec,34.0,81666,23-07-19 14:13:13,5
0f7cc487-8256-45b2-9277-4949d81f15ec,34.0,90735,23-07-19 14:13:25,3
0f7cc487-8256-45b2-9277-4949d81f15ec,34.0,81759,23-07-19 14:13:35,3
0f7cc487-8256-45b2-9277-4949d81f15ec,34.0,84476,23-07-19 14:13:48,5
0f7cc487-8256-45b2-9277-4949d81f15ec,34.0,84315,23-07-19 14:13:54,5
70236b41-c160-4250-8c44-9e1a8d3d6aea,,71807,23-07-19 14:18:28,3
0d33a06c-2dce-4196-b95d-fbc51f6212b6,35.0,86134,23-07-19 14:21:15,1
0d33a06c-2dce-4196-b95d-fbc51f6212b6,35.0,92178,23-07-19 14:21:23,4
0d33a06c-2dce-4196-b95d-fbc51f6212b6,35.0,78963,23-07-19 14:21:29,1
0d33a06c-2dce-4196-b95d-fbc51f6212b6,35.0,91619,23-07-19 14:21:33,4
0d33a06c-2dce-4196-b95d-fbc51f6212b6,35.0,73424,23-07-19 14:21:35,1
0d33a06c-2dce-4196-b95d-fbc51f6212b6,35.0,88245,23-07-19 14:21:57,4
0d33a06c-2dce-4196-b95d-fbc51f6212b6,35.0,84929,23-07-19 14:21:58,1
0d33a06c-2dce-4196-b95d-fbc51f6212b6,35.0,84120,23-07-19 14:22:06,1
0d33a06c-2dce-4196-b95d-fbc51f6212b6,35.0,84746,23-07-19 14:22:09,7
0d33a06c-2dce-4196-b95d-fbc51f6212b6,35.0,81727,23-07-19 14:22:31,4
0d33a06c-2dce-4196-b95d-fbc51f6212b6,35.0,85660,23-07-19 14:22:40,1
c6fd83d6-2e96-4249-a97b-92811bdaaf04,,82038,23-07-19 14:28:34,11
c6fd83d6-2e96-4249-a97b-92811bdaaf04,,73714,23-07-19 14:28:53,0
be62d515-e90a-4070-80a0-ea93a0ccda56,,83612,23-07-19 14:30:08,3
be62d515-e90a-4070-80a0-ea93a0ccda56,,84351,23-07-19 14:30:12,4
be62d515-e90a-4070-80a0-ea93a0ccda56,,72707,23-07-19 14:30:21,5
be62d515-e90a-4070-80a0-ea93a0ccda56,,86985,23-07-19 14:30:22,1
83bd447c-1a26-4f85-8632-dbc2587ba00e,,90881,23-07-19 14:30:34,5
73fcdb67-a10f-459c-bb4c-5dd570a6aefa,,80661,23-07-19 14:31:03,1
73fcdb67-a10f-459c-bb4c-5dd570a6aefa,,80242,23-07-19 14:31:05,1
73fcdb67-a10f-459c-bb4c-5dd570a6aefa,,79037,23-07-19 14:31:16,1
748a4d06-89a2-49b6-b2ee-8dfd4109d579,36.0,73393,23-07-19 14:36:29,3
748a4d06-89a2-49b6-b2ee-8dfd4109d579,36.0,78361,23-07-19 14:36:29,5
748a4d06-89a2-49b6-b2ee-8dfd4109d579,36.0,82881,23-07-19 14:36:31,0
748a4d06-89a2-49b6-b2ee-8dfd4109d579,36.0,80997,23-07-19 14:36:31,13
748a4d06-89a2-49b6-b2ee-8dfd4109d579,36.0,85303,23-07-19 14:36:38,3
2a4bc431-b0c2-4f0c-8478-975181bb9c53,37.0,83199,23-07-19 14:37:20,0
2a4bc431-b0c2-4f0c-8478-975181bb9c53,37.0,87530,23-07-19 14:37:39,0
2a4bc431-b0c2-4f0c-8478-975181bb9c53,37.0,84976,23-07-19 14:37:46,0
2a4bc431-b0c2-4f0c-8478-975181bb9c53,37.0,85944,23-07-19 14:37:58,1
2a4bc431-b0c2-4f0c-8478-975181bb9c53,37.0,82793,23-07-19 14:38:01,4
2a4bc431-b0c2-4f0c-8478-975181bb9c53,37.0,82750,23-07-19 14:38:09,4
2a4bc431-b0c2-4f0c-8478-975181bb9c53,37.0,91178,23-07-19 14:38:28,5
2a4bc431-b0c2-4f0c-8478-975181bb9c53,37.0,81658,23-07-19 14:38:31,1
2a4bc431-b0c2-4f0c-8478-975181bb9c53,37.0,82697,23-07-19 14:38:33,1
2a4bc431-b0c2-4f0c-8478-975181bb9c53,37.0,84034,23-07-19 14:38:49,0
748a4d06-89a2-49b6-b2ee-8dfd4109d579,36.0,91139,23-07-19 14:39:16,5
748a4d06-89a2-49b6-b2ee-8dfd4109d579,36.0,87475,23-07-19 14:39:18,5
748a4d06-89a2-49b6-b2ee-8dfd4109d579,36.0,84472,23-07-19 14:39:19,6
748a4d06-89a2-49b6-b2ee-8dfd4109d579,36.0,80608,23-07-19 14:39:20,5
748a4d06-89a2-49b6-b2ee-8dfd4109d579,36.0,89350,23-07-19 14:39:21,1
748a4d06-89a2-49b6-b2ee-8dfd4109d579,36.0,87399,23-07-19 14:39:21,1
748a4d06-89a2-49b6-b2ee-8dfd4109d579,36.0,80998,23-07-19 14:39:22,12
748a4d06-89a2-49b6-b2ee-8dfd4109d579,36.0,84720,23-07-19 14:39:22,3
748a4d06-89a2-49b6-b2ee-8dfd4109d579,36.0,73240,23-07-19 14:39:25,5
748a4d06-89a2-49b6-b2ee-8dfd4109d579,36.0,90272,23-07-19 14:39:27,5
748a4d06-89a2-49b6-b2ee-8dfd4109d579,36.0,79795,23-07-19 14:39:30,13
748a4d06-89a2-49b6-b2ee-8dfd4109d579,36.0,84450,23-07-19 14:39:31,15
748a4d06-89a2-49b6-b2ee-8dfd4109d579,36.0,83443,23-07-19 14:39:33,0
748a4d06-89a2-49b6-b2ee-8dfd4109d579,36.0,91343,23-07-19 14:39:33,1
748a4d06-89a2-49b6-b2ee-8dfd4109d579,36.0,72305,23-07-19 14:39:34,3
748a4d06-89a2-49b6-b2ee-8dfd4109d579,36.0,84364,23-07-19 14:39:38,5
748a4d06-89a2-49b6-b2ee-8dfd4109d579,36.0,89105,23-07-19 14:39:49,5
748a4d06-89a2-49b6-b2ee-8dfd4109d579,36.0,90266,23-07-19 14:39:49,3
d8be15ff-6905-48ef-9ac2-6f8731276e96,,84361,23-07-19 14:41:01,13
d8be15ff-6905-48ef-9ac2-6f8731276e96,,83325,23-07-19 14:41:04,5
d8be15ff-6905-48ef-9ac2-6f8731276e96,,73135,23-07-19 14:41:10,5
748a4d06-89a2-49b6-b2ee-8dfd4109d579,36.0,83558,23-07-19 14:41:31,5
748a4d06-89a2-49b6-b2ee-8dfd4109d579,36.0,88514,23-07-19 14:41:38,3
5ec38d97-c527-43bc-9e83-f38c874c0466,,89716,23-07-19 14:41:39,1
748a4d06-89a2-49b6-b2ee-8dfd4109d579,36.0,91107,23-07-19 14:41:40,5
748a4d06-89a2-49b6-b2ee-8dfd4109d579,36.0,91912,23-07-19 14:41:43,5
748a4d06-89a2-49b6-b2ee-8dfd4109d579,36.0,89705,23-07-19 14:41:48,5
748a4d06-89a2-49b6-b2ee-8dfd4109d579,36.0,88542,23-07-19 14:41:49,4
748a4d06-89a2-49b6-b2ee-8dfd4109d579,36.0,86687,23-07-19 14:41:50,5
9f6ec749-3fba-43a7-862b-906166ca07ee,,92164,23-07-19 14:49:20,11
9f6ec749-3fba-43a7-862b-906166ca07ee,,79816,23-07-19 14:49:22,1
9f6ec749-3fba-43a7-862b-906166ca07ee,,83502,23-07-19 14:49:24,0
4f668302-9331-4320-9a10-3c3a54610790,,80968,23-07-19 14:49:50,10
4f668302-9331-4320-9a10-3c3a54610790,,88017,23-07-19 14:49:52,5
4f668302-9331-4320-9a10-3c3a54610790,,89678,23-07-19 14:50:10,1
4f668302-9331-4320-9a10-3c3a54610790,,82268,23-07-19 14:50:29,0
a3a06273-9836-48ca-b0a7-c8e276278bed,,83548,23-07-19 14:58:38,3
8f2c6827-853b-4d3d-958d-a2a1f63ccf05,39.0,79306,23-07-19 15:13:53,3
8f2c6827-853b-4d3d-958d-a2a1f63ccf05,39.0,74127,23-07-19 15:14:00,0
31ec8034-a87e-4a66-95bd-e3bf6d4a5abc,,87957,23-07-19 15:15:22,4
ad4cf371-f2de-4c10-acb3-83206c39f2a5,,91367,23-07-19 15:24:50,3
ad4cf371-f2de-4c10-acb3-83206c39f2a5,,72586,23-07-19 15:25:01,3
ad4cf371-f2de-4c10-acb3-83206c39f2a5,,80463,23-07-19 15:25:03,5
ad4cf371-f2de-4c10-acb3-83206c39f2a5,,72325,23-07-19 15:25:10,3
033f88ff-2382-4742-a0a7-ca56b5c98571,,83765,23-07-19 15:29:16,1
033f88ff-2382-4742-a0a7-ca56b5c98571,,73456,23-07-19 15:29:18,1
033f88ff-2382-4742-a0a7-ca56b5c98571,,72472,23-07-19 15:29:19,5
033f88ff-2382-4742-a0a7-ca56b5c98571,,79306,23-07-19 15:29:20,3
033f88ff-2382-4742-a0a7-ca56b5c98571,,72923,23-07-19 15:29:22,5
033f88ff-2382-4742-a0a7-ca56b5c98571,,90474,23-07-19 15:29:26,0
e7798bd9-be4a-4b71-949e-1e344353a142,,90987,23-07-19 15:41:00,1
e7798bd9-be4a-4b71-949e-1e344353a142,,84584,23-07-19 15:42:33,1
e7798bd9-be4a-4b71-949e-1e344353a142,,73722,23-07-19 15:42:44,0
e7798bd9-be4a-4b71-949e-1e344353a142,,91074,23-07-19 15:44:57,1
ed41c087-3e4c-42ab-8941-1ca301e20d69,,83069,23-07-19 15:49:33,1
ed41c087-3e4c-42ab-8941-1ca301e20d69,,72375,23-07-19 15:49:57,8
ed41c087-3e4c-42ab-8941-1ca301e20d69,,84824,23-07-19 15:50:00,1
ed41c087-3e4c-42ab-8941-1ca301e20d69,,79485,23-07-19 15:50:02,5
ed41c087-3e4c-42ab-8941-1ca301e20d69,,78948,23-07-19 15:50:13,3
d7bda019-3a14-457f-afe7-ad694dd7d919,,80153,23-07-19 15:57:37,5
c6abe871-ab27-49ec-9e7e-89ee14233454,,90164,23-07-19 16:03:24,5
c6abe871-ab27-49ec-9e7e-89ee14233454,,72755,23-07-19 16:03:33,3
c6abe871-ab27-49ec-9e7e-89ee14233454,,82651,23-07-19 16:03:37,5
c6abe871-ab27-49ec-9e7e-89ee14233454,,74248,23-07-19 16:03:43,5
c6abe871-ab27-49ec-9e7e-89ee14233454,,85039,23-07-19 16:03:44,13
c6abe871-ab27-49ec-9e7e-89ee14233454,,83393,23-07-19 16:03:48,5
c3820482-d8cb-42a9-a524-55d2ee2e7174,,83634,23-07-19 16:08:07,5
c3820482-d8cb-42a9-a524-55d2ee2e7174,,81164,23-07-19 16:08:19,13
c3820482-d8cb-42a9-a524-55d2ee2e7174,,92124,23-07-19 16:08:25,5
c3820482-d8cb-42a9-a524-55d2ee2e7174,,72722,23-07-19 16:09:02,5
c3820482-d8cb-42a9-a524-55d2ee2e7174,,83547,23-07-19 16:09:05,3
bd4ea33b-d3cf-4124-9878-d8b45f51a074,41.0,72730,23-07-19 16:19:28,5
bd4ea33b-d3cf-4124-9878-d8b45f51a074,41.0,86612,23-07-19 16:19:34,5
bd4ea33b-d3cf-4124-9878-d8b45f51a074,41.0,86206,23-07-19 16:19:44,1
bd4ea33b-d3cf-4124-9878-d8b45f51a074,41.0,84769,23-07-19 16:19:47,13
bd4ea33b-d3cf-4124-9878-d8b45f51a074,41.0,88563,23-07-19 16:19:52,5
35077986-a790-4dd8-a6e2-c713658de81c,,81734,23-07-19 16:21:18,3
35077986-a790-4dd8-a6e2-c713658de81c,,79643,23-07-19 16:21:24,1
35077986-a790-4dd8-a6e2-c713658de81c,,80942,23-07-19 16:21:26,5
35077986-a790-4dd8-a6e2-c713658de81c,,73425,23-07-19 16:21:27,0
35077986-a790-4dd8-a6e2-c713658de81c,,80936,23-07-19 16:21:31,8
35077986-a790-4dd8-a6e2-c713658de81c,,71816,23-07-19 16:21:33,3
35077986-a790-4dd8-a6e2-c713658de81c,,80888,23-07-19 16:21:35,1
35077986-a790-4dd8-a6e2-c713658de81c,,73593,23-07-19 16:21:37,1
35077986-a790-4dd8-a6e2-c713658de81c,,88907,23-07-19 16:21:39,5
35077986-a790-4dd8-a6e2-c713658de81c,,89828,23-07-19 16:21:50,1
35077986-a790-4dd8-a6e2-c713658de81c,,88416,23-07-19 16:21:52,1
35077986-a790-4dd8-a6e2-c713658de81c,,90479,23-07-19 16:22:00,3
35077986-a790-4dd8-a6e2-c713658de81c,,84093,23-07-19 16:22:08,3
35077986-a790-4dd8-a6e2-c713658de81c,,92023,23-07-19 16:22:15,11
35077986-a790-4dd8-a6e2-c713658de81c,,83513,23-07-19 16:22:27,5
35077986-a790-4dd8-a6e2-c713658de81c,,82132,23-07-19 16:22:30,3
35077986-a790-4dd8-a6e2-c713658de81c,,86611,23-07-19 16:22:43,1
35077986-a790-4dd8-a6e2-c713658de81c,,83348,23-07-19 16:22:55,0
35077986-a790-4dd8-a6e2-c713658de81c,,85636,23-07-19 16:23:19,5
35077986-a790-4dd8-a6e2-c713658de81c,,88413,23-07-19 16:24:03,5
3d9a72bc-1eec-417a-a276-05c87560548d,,81567,23-07-19 16:27:19,5
3d9a72bc-1eec-417a-a276-05c87560548d,,79775,23-07-19 16:27:50,5
3d9a72bc-1eec-417a-a276-05c87560548d,,79492,23-07-19 16:27:58,5
69c1fd97-c641-405e-af90-dbfc1addee96,,84410,23-07-19 16:33:34,5
69c1fd97-c641-405e-af90-dbfc1addee96,,89271,23-07-19 16:33:35,3
69c1fd97-c641-405e-af90-dbfc1addee96,,83220,23-07-19 16:33:37,5
69c1fd97-c641-405e-af90-dbfc1addee96,,82648,23-07-19 16:33:41,3
f58e3ebc-f51f-4318-b1e5-cb22379ce91f,,91240,23-07-19 16:40:30,5
f58e3ebc-f51f-4318-b1e5-cb22379ce91f,,91744,23-07-19 16:40:33,5
f58e3ebc-f51f-4318-b1e5-cb22379ce91f,,91197,23-07-19 16:40:38,5
f58e3ebc-f51f-4318-b1e5-cb22379ce91f,,91127,23-07-19 16:40:43,5
052efac5-ad8c-4acd-bc41-1be5f1e83d1f,42.0,85202,23-07-19 16:50:42,3
052efac5-ad8c-4acd-bc41-1be5f1e83d1f,42.0,85316,23-07-19 16:51:26,5
052efac5-ad8c-4acd-bc41-1be5f1e83d1f,42.0,85173,23-07-19 16:51:27,5
052efac5-ad8c-4acd-bc41-1be5f1e83d1f,42.0,84759,23-07-19 16:51:27,3
052efac5-ad8c-4acd-bc41-1be5f1e83d1f,42.0,85948,23-07-19 16:51:28,5
052efac5-ad8c-4acd-bc41-1be5f1e83d1f,42.0,84654,23-07-19 16:51:29,5
052efac5-ad8c-4acd-bc41-1be5f1e83d1f,42.0,83999,23-07-19 16:51:29,9
052efac5-ad8c-4acd-bc41-1be5f1e83d1f,42.0,83408,23-07-19 16:51:31,5
052efac5-ad8c-4acd-bc41-1be5f1e83d1f,42.0,82595,23-07-19 16:51:31,5
052efac5-ad8c-4acd-bc41-1be5f1e83d1f,42.0,83716,23-07-19 16:51:32,5
052efac5-ad8c-4acd-bc41-1be5f1e83d1f,42.0,84108,23-07-19 16:51:33,5
052efac5-ad8c-4acd-bc41-1be5f1e83d1f,42.0,84197,23-07-19 16:51:33,5
052efac5-ad8c-4acd-bc41-1be5f1e83d1f,42.0,83488,23-07-19 16:51:35,5
052efac5-ad8c-4acd-bc41-1be5f1e83d1f,42.0,83000,23-07-19 16:51:35,5
052efac5-ad8c-4acd-bc41-1be5f1e83d1f,42.0,83245,23-07-19 16:51:37,5
052efac5-ad8c-4acd-bc41-1be5f1e83d1f,42.0,82662,23-07-19 16:51:37,5
052efac5-ad8c-4acd-bc41-1be5f1e83d1f,42.0,82659,23-07-19 16:51:38,5
052efac5-ad8c-4acd-bc41-1be5f1e83d1f,42.0,82656,23-07-19 16:51:38,5
052efac5-ad8c-4acd-bc41-1be5f1e83d1f,42.0,83218,23-07-19 16:51:39,5
052efac5-ad8c-4acd-bc41-1be5f1e83d1f,42.0,82584,23-07-19 16:51:40,3
052efac5-ad8c-4acd-bc41-1be5f1e83d1f,42.0,82982,23-07-19 16:51:40,3
052efac5-ad8c-4acd-bc41-1be5f1e83d1f,42.0,83213,23-07-19 16:51:47,5
052efac5-ad8c-4acd-bc41-1be5f1e83d1f,42.0,84153,23-07-19 16:52:19,0
052efac5-ad8c-4acd-bc41-1be5f1e83d1f,42.0,82405,23-07-19 16:52:22,4
052efac5-ad8c-4acd-bc41-1be5f1e83d1f,42.0,83078,23-07-19 16:52:23,0
052efac5-ad8c-4acd-bc41-1be5f1e83d1f,42.0,84266,23-07-19 16:52:23,4
052efac5-ad8c-4acd-bc41-1be5f1e83d1f,42.0,83847,23-07-19 16:52:24,1
052efac5-ad8c-4acd-bc41-1be5f1e83d1f,42.0,83158,23-07-19 16:52:25,0
052efac5-ad8c-4acd-bc41-1be5f1e83d1f,42.0,74247,23-07-19 16:52:26,0
052efac5-ad8c-4acd-bc41-1be5f1e83d1f,42.0,92133,23-07-19 16:52:26,0
61a7eec4-cf90-48c9-a623-4b7ebda90e48,,73720,23-07-19 16:56:30,3
2298792c-8848-423a-b12d-7ef708c3b21c,,92117,23-07-19 17:15:39,1
2298792c-8848-423a-b12d-7ef708c3b21c,,81944,23-07-19 17:15:53,1
2298792c-8848-423a-b12d-7ef708c3b21c,,85878,23-07-19 17:15:58,1
2298792c-8848-423a-b12d-7ef708c3b21c,,71714,23-07-19 17:16:05,3
7628be0b-2b02-4d6b-b89b-fab01a9b728d,43.0,79483,23-07-19 17:16:14,0
2298792c-8848-423a-b12d-7ef708c3b21c,,89968,23-07-19 17:16:18,0
2298792c-8848-423a-b12d-7ef708c3b21c,,88625,23-07-19 17:16:22,1
2298792c-8848-423a-b12d-7ef708c3b21c,,90398,23-07-19 17:16:35,1
2298792c-8848-423a-b12d-7ef708c3b21c,,88620,23-07-19 17:16:42,1
2298792c-8848-423a-b12d-7ef708c3b21c,,84608,23-07-19 17:16:49,1
798341c5-689a-489e-b2f6-59145af524f4,,80066,23-07-19 17:19:06,0
798341c5-689a-489e-b2f6-59145af524f4,,83369,23-07-19 17:19:19,5
798341c5-689a-489e-b2f6-59145af524f4,,73715,23-07-19 17:20:05,3
798341c5-689a-489e-b2f6-59145af524f4,,84733,23-07-19 17:23:00,5
2225db53-6d16-4de2-9f8f-2f1f1fbd25de,,78543,23-07-19 17:23:15,4
2225db53-6d16-4de2-9f8f-2f1f1fbd25de,,83432,23-07-19 17:23:18,3
2225db53-6d16-4de2-9f8f-2f1f1fbd25de,,83029,23-07-19 17:23:20,4
2225db53-6d16-4de2-9f8f-2f1f1fbd25de,,88815,23-07-19 17:23:23,5
2225db53-6d16-4de2-9f8f-2f1f1fbd25de,,90337,23-07-19 17:23:25,0
2225db53-6d16-4de2-9f8f-2f1f1fbd25de,,90980,23-07-19 17:23:34,0
2225db53-6d16-4de2-9f8f-2f1f1fbd25de,,87144,23-07-19 17:23:35,11
798341c5-689a-489e-b2f6-59145af524f4,,82753,23-07-19 17:23:36,0
2225db53-6d16-4de2-9f8f-2f1f1fbd25de,,83615,23-07-19 17:23:38,4
798341c5-689a-489e-b2f6-59145af524f4,,90501,23-07-19 17:23:43,5
798341c5-689a-489e-b2f6-59145af524f4,,73616,23-07-19 17:24:09,3
92c7ebd7-e545-428f-86b8-aff822cb76be,,81682,23-07-19 17:33:34,4
92c7ebd7-e545-428f-86b8-aff822cb76be,,82369,23-07-19 17:33:35,1
73d09887-744f-4193-84fa-a07f528de230,,86535,23-07-19 18:21:46,4
73d09887-744f-4193-84fa-a07f528de230,,81248,23-07-19 18:22:13,1
73d09887-744f-4193-84fa-a07f528de230,,89744,23-07-19 18:23:19,1
73d09887-744f-4193-84fa-a07f528de230,,81951,23-07-19 18:23:54,11
73d09887-744f-4193-84fa-a07f528de230,,85371,23-07-19 18:24:01,4
73d09887-744f-4193-84fa-a07f528de230,,79433,23-07-19 18:25:06,1
73d09887-744f-4193-84fa-a07f528de230,,87855,23-07-19 18:25:49,1
6b2ecb8e-dfde-4718-be2a-b0bc1ddcc2c9,,82717,23-07-19 18:30:50,13
6b2ecb8e-dfde-4718-be2a-b0bc1ddcc2c9,,79688,23-07-19 18:31:35,5
6f6967a9-6cea-41a8-894b-72b5b951f714,,86045,23-07-19 18:33:01,1
6f6967a9-6cea-41a8-894b-72b5b951f714,,78489,23-07-19 18:33:07,1
6f6967a9-6cea-41a8-894b-72b5b951f714,,88040,23-07-19 18:33:21,1
6f6967a9-6cea-41a8-894b-72b5b951f714,,80386,23-07-19 18:33:35,1
6f6967a9-6cea-41a8-894b-72b5b951f714,,91803,23-07-19 18:33:59,0
39d5bdad-f83d-41d1-b34c-5f404f5e1808,3.0,80910,23-07-19 19:22:36,5
39d5bdad-f83d-41d1-b34c-5f404f5e1808,3.0,72644,23-07-19 19:22:44,3
39d5bdad-f83d-41d1-b34c-5f404f5e1808,3.0,73961,23-07-19 19:22:52,4
39d5bdad-f83d-41d1-b34c-5f404f5e1808,3.0,87263,23-07-19 19:23:00,5
39d5bdad-f83d-41d1-b34c-5f404f5e1808,3.0,88436,23-07-19 19:23:03,3
39d5bdad-f83d-41d1-b34c-5f404f5e1808,3.0,90092,23-07-19 19:23:04,1
39d5bdad-f83d-41d1-b34c-5f404f5e1808,3.0,79685,23-07-19 19:23:06,5
39d5bdad-f83d-41d1-b34c-5f404f5e1808,3.0,86223,23-07-19 19:23:09,0
39d5bdad-f83d-41d1-b34c-5f404f5e1808,3.0,87840,23-07-19 19:23:11,1
39d5bdad-f83d-41d1-b34c-5f404f5e1808,3.0,87437,23-07-19 19:23:17,3
39d5bdad-f83d-41d1-b34c-5f404f5e1808,3.0,86359,23-07-19 19:23:21,11
ac4ab1b5-3a17-415c-b634-6c390bd144f3,15.0,85039,23-07-19 19:59:06,13
ac4ab1b5-3a17-415c-b634-6c390bd144f3,15.0,86194,23-07-19 19:59:08,5
ac4ab1b5-3a17-415c-b634-6c390bd144f3,15.0,86211,23-07-19 19:59:10,5
ac4ab1b5-3a17-415c-b634-6c390bd144f3,15.0,78253,23-07-19 19:59:29,5
ac4ab1b5-3a17-415c-b634-6c390bd144f3,15.0,89812,23-07-19 19:59:34,5
ac4ab1b5-3a17-415c-b634-6c390bd144f3,15.0,83665,23-07-19 19:59:39,11
ac4ab1b5-3a17-415c-b634-6c390bd144f3,15.0,90207,23-07-19 19:59:49,5
ac4ab1b5-3a17-415c-b634-6c390bd144f3,15.0,91744,23-07-19 20:00:15,5
ac4ab1b5-3a17-415c-b634-6c390bd144f3,15.0,91240,23-07-19 20:00:25,5
ac4ab1b5-3a17-415c-b634-6c390bd144f3,15.0,84619,23-07-19 20:00:52,5
ac4ab1b5-3a17-415c-b634-6c390bd144f3,15.0,84614,23-07-19 20:00:55,13
ac4ab1b5-3a17-415c-b634-6c390bd144f3,15.0,84365,23-07-19 20:01:29,5
ac4ab1b5-3a17-415c-b634-6c390bd144f3,15.0,84616,23-07-19 20:01:34,13
60ddb36c-8239-41a1-8886-da1676d5d24b,,89585,23-07-19 20:01:42,0
60ddb36c-8239-41a1-8886-da1676d5d24b,,86420,23-07-19 20:01:48,2
60ddb36c-8239-41a1-8886-da1676d5d24b,,87439,23-07-19 20:01:50,11
60ddb36c-8239-41a1-8886-da1676d5d24b,,89223,23-07-19 20:01:52,4
60ddb36c-8239-41a1-8886-da1676d5d24b,,83156,23-07-19 20:01:54,1
60ddb36c-8239-41a1-8886-da1676d5d24b,,78009,23-07-19 20:01:55,4
60ddb36c-8239-41a1-8886-da1676d5d24b,,71586,23-07-19 20:02:02,4
60ddb36c-8239-41a1-8886-da1676d5d24b,,83324,23-07-19 20:02:04,1
60ddb36c-8239-41a1-8886-da1676d5d24b,,83224,23-07-19 20:02:11,2
60ddb36c-8239-41a1-8886-da1676d5d24b,,92015,23-07-19 20:02:16,1
f1d2f0db-b055-4046-b8c0-e9c09c00682a,,84765,23-07-19 20:11:40,5
f1d2f0db-b055-4046-b8c0-e9c09c00682a,,86445,23-07-19 20:11:51,1
f1d2f0db-b055-4046-b8c0-e9c09c00682a,,78586,23-07-19 20:11:55,1
ddb4333f-b467-4e53-9088-2d9e576c5619,,81977,23-07-19 20:21:40,3
ddb4333f-b467-4e53-9088-2d9e576c5619,,73937,23-07-19 20:21:57,5
ddb4333f-b467-4e53-9088-2d9e576c5619,,83682,23-07-19 20:22:00,0
ddb4333f-b467-4e53-9088-2d9e576c5619,,73060,23-07-19 20:22:04,0
ddb4333f-b467-4e53-9088-2d9e576c5619,,87578,23-07-19 20:22:04,1
ddb4333f-b467-4e53-9088-2d9e576c5619,,78979,23-07-19 20:22:16,0
ddb4333f-b467-4e53-9088-2d9e576c5619,,89940,23-07-19 20:22:19,2
ea15b529-afa8-4e44-aacc-f725a6837d4a,45.0,78691,23-07-19 20:44:53,5
ea15b529-afa8-4e44-aacc-f725a6837d4a,45.0,88833,23-07-19 20:44:55,1
ea15b529-afa8-4e44-aacc-f725a6837d4a,45.0,88102,23-07-19 20:45:00,3
ea15b529-afa8-4e44-aacc-f725a6837d4a,45.0,78728,23-07-19 20:45:05,5
ea15b529-afa8-4e44-aacc-f725a6837d4a,45.0,90718,23-07-19 20:45:13,5
ea15b529-afa8-4e44-aacc-f725a6837d4a,45.0,81017,23-07-19 20:45:14,3
ea15b529-afa8-4e44-aacc-f725a6837d4a,45.0,71509,23-07-19 20:45:31,3
ea15b529-afa8-4e44-aacc-f725a6837d4a,45.0,82568,23-07-19 20:45:34,1
ea15b529-afa8-4e44-aacc-f725a6837d4a,45.0,79573,23-07-19 20:45:36,1
ea15b529-afa8-4e44-aacc-f725a6837d4a,45.0,89358,23-07-19 20:45:39,1
ea15b529-afa8-4e44-aacc-f725a6837d4a,45.0,84458,23-07-19 20:45:48,13
ea15b529-afa8-4e44-aacc-f725a6837d4a,45.0,85516,23-07-19 20:45:52,5
ea15b529-afa8-4e44-aacc-f725a6837d4a,45.0,73294,23-07-19 20:45:59,5
ea15b529-afa8-4e44-aacc-f725a6837d4a,45.0,87422,23-07-19 20:46:01,1
4aa216ae-623f-472b-bf21-9283b255fa77,46.0,80221,23-07-19 21:00:02,5
4aa216ae-623f-472b-bf21-9283b255fa77,46.0,78068,23-07-19 21:00:27,13
fb9c9692-1c50-4299-8d2c-5325d1577a90,,86504,23-07-19 21:10:42,13
eef1a52e-b219-467f-8452-653069278b03,,90856,23-07-19 21:17:56,0
eef1a52e-b219-467f-8452-653069278b03,,91149,23-07-19 21:17:57,1
eef1a52e-b219-467f-8452-653069278b03,,83750,23-07-19 21:18:01,4
eef1a52e-b219-467f-8452-653069278b03,,89549,23-07-19 21:18:03,0
eef1a52e-b219-467f-8452-653069278b03,,90148,23-07-19 21:18:04,1
4ca383ac-5a8c-4976-8827-0fe15f11a1b1,48.0,73467,23-07-19 21:20:29,5
4ca383ac-5a8c-4976-8827-0fe15f11a1b1,48.0,85047,23-07-19 21:21:09,5
4ca383ac-5a8c-4976-8827-0fe15f11a1b1,48.0,87701,23-07-19 21:21:18,13
4ca383ac-5a8c-4976-8827-0fe15f11a1b1,48.0,85326,23-07-19 21:22:06,5
049025e9-7327-4fcf-8b5b-3b129d119e8c,,86143,23-07-19 21:24:38,3
049025e9-7327-4fcf-8b5b-3b129d119e8c,,79690,23-07-19 21:24:45,5
049025e9-7327-4fcf-8b5b-3b129d119e8c,,86113,23-07-19 21:24:47,5
049025e9-7327-4fcf-8b5b-3b129d119e8c,,77687,23-07-19 21:25:31,13
049025e9-7327-4fcf-8b5b-3b129d119e8c,,82663,23-07-19 21:25:36,5
049025e9-7327-4fcf-8b5b-3b129d119e8c,,81494,23-07-19 21:25:51,5
049025e9-7327-4fcf-8b5b-3b129d119e8c,,83142,23-07-19 21:27:23,3
049025e9-7327-4fcf-8b5b-3b129d119e8c,,72371,23-07-19 21:27:35,5
049025e9-7327-4fcf-8b5b-3b129d119e8c,,78211,23-07-19 21:27:41,3
049025e9-7327-4fcf-8b5b-3b129d119e8c,,84037,23-07-19 21:28:30,5
049025e9-7327-4fcf-8b5b-3b129d119e8c,,86002,23-07-19 21:28:44,13
049025e9-7327-4fcf-8b5b-3b129d119e8c,,80424,23-07-19 21:28:57,5
049025e9-7327-4fcf-8b5b-3b129d119e8c,,84939,23-07-19 21:29:07,5
049025e9-7327-4fcf-8b5b-3b129d119e8c,,85916,23-07-19 21:29:39,5
049025e9-7327-4fcf-8b5b-3b129d119e8c,,78062,23-07-19 21:29:50,3
43391a37-0a95-4f63-a10e-375ff11f8137,,81241,23-07-19 22:23:42,1
43391a37-0a95-4f63-a10e-375ff11f8137,,78757,23-07-19 22:23:43,1
43391a37-0a95-4f63-a10e-375ff11f8137,,91797,23-07-19 22:23:45,1
43391a37-0a95-4f63-a10e-375ff11f8137,,83633,23-07-19 22:23:46,0
3bbd0059-34f3-441f-b51f-9421283f034c,,87770,23-07-19 23:20:29,5
3bbd0059-34f3-441f-b51f-9421283f034c,,89784,23-07-19 23:20:38,3
3bbd0059-34f3-441f-b51f-9421283f034c,,86790,23-07-19 23:22:45,13
1b33f099-41a3-4f15-9ac8-0805ea1358e8,,82156,23-07-20 00:10:50,2
1b33f099-41a3-4f15-9ac8-0805ea1358e8,,89297,23-07-20 00:10:59,2
1b33f099-41a3-4f15-9ac8-0805ea1358e8,,83933,23-07-20 00:11:11,1
1b33f099-41a3-4f15-9ac8-0805ea1358e8,,90646,23-07-20 00:11:32,1
8a1695dc-b5a5-4906-b19a-1c13ada31750,49.0,86160,23-07-20 00:54:28,4
8a1695dc-b5a5-4906-b19a-1c13ada31750,49.0,91967,23-07-20 00:54:34,1
8a1695dc-b5a5-4906-b19a-1c13ada31750,49.0,89666,23-07-20 00:54:37,5
8a1695dc-b5a5-4906-b19a-1c13ada31750,49.0,82725,23-07-20 00:54:39,11
cb282c82-dbd3-4840-8ec3-d8be1a9a3dab,,92017,23-07-20 00:55:07,5
cb282c82-dbd3-4840-8ec3-d8be1a9a3dab,,80362,23-07-20 00:55:09,5
cb282c82-dbd3-4840-8ec3-d8be1a9a3dab,,81757,23-07-20 00:55:10,3
cb282c82-dbd3-4840-8ec3-d8be1a9a3dab,,87852,23-07-20 00:55:19,1
cb282c82-dbd3-4840-8ec3-d8be1a9a3dab,,83792,23-07-20 00:55:36,5
cb282c82-dbd3-4840-8ec3-d8be1a9a3dab,,86212,23-07-20 00:55:39,0
7e9924db-eb40-4e15-a0b8-eee0246f6459,50.0,80393,23-07-20 01:20:52,13
7e9924db-eb40-4e15-a0b8-eee0246f6459,50.0,86563,23-07-20 01:21:03,3
7e9924db-eb40-4e15-a0b8-eee0246f6459,50.0,90186,23-07-20 01:21:21,5
62ab0e43-c5a6-4be8-8cac-5b016aabc217,,84926,23-07-20 01:21:22,5
7e9924db-eb40-4e15-a0b8-eee0246f6459,50.0,88779,23-07-20 01:21:37,5
62ab0e43-c5a6-4be8-8cac-5b016aabc217,,91801,23-07-20 01:21:42,3
62ab0e43-c5a6-4be8-8cac-5b016aabc217,,84932,23-07-20 01:21:53,13
e7610e04-a7a8-49b0-852d-ae69efdddac5,,84204,23-07-20 02:08:11,1
e7610e04-a7a8-49b0-852d-ae69efdddac5,,88586,23-07-20 02:08:28,4
e7610e04-a7a8-49b0-852d-ae69efdddac5,,86937,23-07-20 02:08:37,1
e7610e04-a7a8-49b0-852d-ae69efdddac5,,86601,23-07-20 02:09:04,11
e7610e04-a7a8-49b0-852d-ae69efdddac5,,88007,23-07-20 02:09:11,1
e7610e04-a7a8-49b0-852d-ae69efdddac5,,90367,23-07-20 02:09:16,4
e7610e04-a7a8-49b0-852d-ae69efdddac5,,83372,23-07-20 02:09:21,4
e7610e04-a7a8-49b0-852d-ae69efdddac5,,84638,23-07-20 02:09:32,1
e7610e04-a7a8-49b0-852d-ae69efdddac5,,87871,23-07-20 02:09:37,11
e7610e04-a7a8-49b0-852d-ae69efdddac5,,86609,23-07-20 02:09:54,1
e7610e04-a7a8-49b0-852d-ae69efdddac5,,89779,23-07-20 02:10:03,1
e7610e04-a7a8-49b0-852d-ae69efdddac5,,72066,23-07-20 02:10:19,0
e7610e04-a7a8-49b0-852d-ae69efdddac5,,88743,23-07-20 02:10:44,1
1658480d-1bbb-4a38-845f-e47d8e1f584e,,79748,23-07-20 02:20:31,5
1658480d-1bbb-4a38-845f-e47d8e1f584e,,82183,23-07-20 02:20:42,0
1658480d-1bbb-4a38-845f-e47d8e1f584e,,82048,23-07-20 02:20:43,1
1658480d-1bbb-4a38-845f-e47d8e1f584e,,83745,23-07-20 02:20:50,4
1658480d-1bbb-4a38-845f-e47d8e1f584e,,87576,23-07-20 02:20:56,1
1658480d-1bbb-4a38-845f-e47d8e1f584e,,90718,23-07-20 02:21:03,5
1658480d-1bbb-4a38-845f-e47d8e1f584e,,72162,23-07-20 02:21:05,3
1658480d-1bbb-4a38-845f-e47d8e1f584e,,84076,23-07-20 02:21:20,1
17cbce09-48b8-46ba-9f46-d48ceeda7e07,,88815,23-07-20 06:41:57,5
e697496d-7e2c-47c9-ab98-d39b79a5349f,52.0,80671,23-07-20 09:04:08,3
e697496d-7e2c-47c9-ab98-d39b79a5349f,52.0,86716,23-07-20 09:04:15,5
e697496d-7e2c-47c9-ab98-d39b79a5349f,52.0,85786,23-07-20 09:04:29,3
e697496d-7e2c-47c9-ab98-d39b79a5349f,52.0,82260,23-07-20 09:04:32,5
e697496d-7e2c-47c9-ab98-d39b79a5349f,52.0,81225,23-07-20 09:04:34,5
e697496d-7e2c-47c9-ab98-d39b79a5349f,52.0,90153,23-07-20 09:04:39,3
e697496d-7e2c-47c9-ab98-d39b79a5349f,52.0,78968,23-07-20 09:04:44,5
f5132594-6c29-49e5-ae97-dc691e25191f,,91597,23-07-20 09:30:21,5
f5132594-6c29-49e5-ae97-dc691e25191f,,91709,23-07-20 09:30:23,6
f5132594-6c29-49e5-ae97-dc691e25191f,,82192,23-07-20 09:30:59,5
f5132594-6c29-49e5-ae97-dc691e25191f,,89565,23-07-20 09:31:04,0
f5132594-6c29-49e5-ae97-dc691e25191f,,81569,23-07-20 09:31:12,5
f5132594-6c29-49e5-ae97-dc691e25191f,,85757,23-07-20 09:31:30,1
f5132594-6c29-49e5-ae97-dc691e25191f,,78761,23-07-20 09:31:37,5
f5132594-6c29-49e5-ae97-dc691e25191f,,78968,23-07-20 09:31:43,5
a49db593-1953-44b6-9e19-cbe00b2e9245,,72054,23-07-20 10:23:45,1
fb6abf78-226d-4a39-9fd3-9f3401091f06,,80427,23-07-20 13:18:41,5
fb6abf78-226d-4a39-9fd3-9f3401091f06,,82370,23-07-20 13:18:47,4
fb6abf78-226d-4a39-9fd3-9f3401091f06,,84680,23-07-20 13:18:51,0
fb6abf78-226d-4a39-9fd3-9f3401091f06,,87946,23-07-20 13:19:24,0
fb6abf78-226d-4a39-9fd3-9f3401091f06,,84694,23-07-20 13:19:42,4
8995a6e7-a51c-463e-949e-add908c64d4b,,80131,23-07-20 13:45:58,3
8995a6e7-a51c-463e-949e-add908c64d4b,,88916,23-07-20 13:48:18,5
8995a6e7-a51c-463e-949e-add908c64d4b,,79843,23-07-20 13:50:27,5
8995a6e7-a51c-463e-949e-add908c64d4b,,87531,23-07-20 13:50:28,3
8995a6e7-a51c-463e-949e-add908c64d4b,,89597,23-07-20 13:50:30,3
8995a6e7-a51c-463e-949e-add908c64d4b,,83570,23-07-20 13:50:31,13
8995a6e7-a51c-463e-949e-add908c64d4b,,80732,23-07-20 13:50:32,3
57402fdb-32ba-4aa8-b6a3-7c7a4efed113,,81239,23-07-20 14:11:24,5
da05e137-0516-4fa9-8297-a7335b504352,54.0,72359,23-07-20 16:05:47,3
da05e137-0516-4fa9-8297-a7335b504352,54.0,73239,23-07-20 16:18:06,1
da05e137-0516-4fa9-8297-a7335b504352,54.0,82574,23-07-20 16:18:08,1
da05e137-0516-4fa9-8297-a7335b504352,54.0,83356,23-07-20 16:18:11,1
da05e137-0516-4fa9-8297-a7335b504352,54.0,91710,23-07-20 16:18:13,11
da05e137-0516-4fa9-8297-a7335b504352,54.0,81307,23-07-20 16:18:19,1
1e868e74-ae52-42dd-8d83-0b6d82c8aa07,55.0,80033,23-07-20 16:36:10,0
1e868e74-ae52-42dd-8d83-0b6d82c8aa07,55.0,80560,23-07-20 16:36:12,3
1e868e74-ae52-42dd-8d83-0b6d82c8aa07,55.0,91200,23-07-20 16:36:16,4
1e868e74-ae52-42dd-8d83-0b6d82c8aa07,55.0,89908,23-07-20 16:36:17,1
1e868e74-ae52-42dd-8d83-0b6d82c8aa07,55.0,78971,23-07-20 16:36:23,1
4304ad1e-3b70-46b6-ba89-d2094ef68cd4,,79076,23-07-20 18:04:02,1
4304ad1e-3b70-46b6-ba89-d2094ef68cd4,,80573,23-07-20 18:05:34,1
4304ad1e-3b70-46b6-ba89-d2094ef68cd4,,81684,23-07-20 18:05:36,1
4304ad1e-3b70-46b6-ba89-d2094ef68cd4,,90246,23-07-20 18:06:12,1
38433d35-bd02-4d28-81db-d20205b11add,,84934,23-07-20 18:08:05,6
38433d35-bd02-4d28-81db-d20205b11add,,78919,23-07-20 18:08:11,1
434024e4-72cf-4987-acea-9a88a270711e,,79585,23-07-20 18:29:43,5
a00800e9-d9c4-4c63-8e15-b8f461cb10e0,2.0,86624,23-07-20 23:00:31,5
a00800e9-d9c4-4c63-8e15-b8f461cb10e0,2.0,82515,23-07-20 23:00:35,3
a00800e9-d9c4-4c63-8e15-b8f461cb10e0,2.0,91027,23-07-20 23:00:38,1
a00800e9-d9c4-4c63-8e15-b8f461cb10e0,2.0,90808,23-07-20 23:56:23,5
bea617ae-f82e-4acb-8430-638f0b617b1f,58.0,84767,23-07-20 23:57:08,13
bea617ae-f82e-4acb-8430-638f0b617b1f,58.0,84774,23-07-20 23:57:26,5
bea617ae-f82e-4acb-8430-638f0b617b1f,58.0,84765,23-07-20 23:57:33,5
bea617ae-f82e-4acb-8430-638f0b617b1f,58.0,84423,23-07-20 23:57:43,5
bea617ae-f82e-4acb-8430-638f0b617b1f,58.0,84616,23-07-20 23:58:19,13
bea617ae-f82e-4acb-8430-638f0b617b1f,58.0,88038,23-07-20 23:58:32,5
bea617ae-f82e-4acb-8430-638f0b617b1f,58.0,88034,23-07-20 23:58:36,5
bea617ae-f82e-4acb-8430-638f0b617b1f,58.0,72931,23-07-20 23:58:54,5
bea617ae-f82e-4acb-8430-638f0b617b1f,58.0,72928,23-07-20 23:59:10,5
bea617ae-f82e-4acb-8430-638f0b617b1f,58.0,79686,23-07-20 23:59:18,5
97e06a0e-81be-4c14-bec7-b264e7980f3b,,73435,23-07-21 03:28:05,1
97e06a0e-81be-4c14-bec7-b264e7980f3b,,84938,23-07-21 03:28:06,0
97e06a0e-81be-4c14-bec7-b264e7980f3b,,91235,23-07-21 03:28:09,0
97e06a0e-81be-4c14-bec7-b264e7980f3b,,92105,23-07-21 03:28:40,0
97e06a0e-81be-4c14-bec7-b264e7980f3b,,86692,23-07-21 03:29:23,1
97e06a0e-81be-4c14-bec7-b264e7980f3b,,86809,23-07-21 03:29:31,1
97e06a0e-81be-4c14-bec7-b264e7980f3b,,73970,23-07-21 03:29:58,1
97e06a0e-81be-4c14-bec7-b264e7980f3b,,92155,23-07-21 03:29:59,1
97e06a0e-81be-4c14-bec7-b264e7980f3b,,92153,23-07-21 03:30:04,1
97e06a0e-81be-4c14-bec7-b264e7980f3b,,92097,23-07-21 03:30:07,1
97e06a0e-81be-4c14-bec7-b264e7980f3b,,92149,23-07-21 03:30:12,1
97e06a0e-81be-4c14-bec7-b264e7980f3b,,92151,23-07-21 03:30:14,1
97e06a0e-81be-4c14-bec7-b264e7980f3b,,83667,23-07-21 03:30:48,0
c332e899-3af7-4f0c-91a8-1cc39e067a13,56.0,72049,23-07-21 03:32:18,5
c332e899-3af7-4f0c-91a8-1cc39e067a13,56.0,83797,23-07-21 03:32:20,8
c332e899-3af7-4f0c-91a8-1cc39e067a13,56.0,83806,23-07-21 03:32:23,8
c332e899-3af7-4f0c-91a8-1cc39e067a13,56.0,83798,23-07-21 03:32:25,13
c332e899-3af7-4f0c-91a8-1cc39e067a13,56.0,83784,23-07-21 03:32:27,13
c332e899-3af7-4f0c-91a8-1cc39e067a13,56.0,84275,23-07-21 03:32:28,5
c332e899-3af7-4f0c-91a8-1cc39e067a13,56.0,71531,23-07-21 03:32:32,5
c332e899-3af7-4f0c-91a8-1cc39e067a13,56.0,82192,23-07-21 03:32:37,5
ac9717f2-1926-4c71-ba9e-cfb97992010c,57.0,87577,23-07-21 07:33:27,1
ac9717f2-1926-4c71-ba9e-cfb97992010c,57.0,84746,23-07-21 07:33:30,7
ac9717f2-1926-4c71-ba9e-cfb97992010c,57.0,88095,23-07-21 07:34:03,1
ac9717f2-1926-4c71-ba9e-cfb97992010c,57.0,80332,23-07-21 07:34:05,1
ac9717f2-1926-4c71-ba9e-cfb97992010c,57.0,91628,23-07-21 07:34:08,4
ac9717f2-1926-4c71-ba9e-cfb97992010c,57.0,84672,23-07-21 07:34:40,11
0f6e2054-79ec-45c7-97f2-b4eece41329f,,72356,23-07-21 07:35:37,3
0f6e2054-79ec-45c7-97f2-b4eece41329f,,92051,23-07-21 07:35:39,5
0f6e2054-79ec-45c7-97f2-b4eece41329f,,72398,23-07-21 07:35:46,3
0f6e2054-79ec-45c7-97f2-b4eece41329f,,84930,23-07-21 07:36:46,13
0f6e2054-79ec-45c7-97f2-b4eece41329f,,83529,23-07-21 07:36:58,5
0f6e2054-79ec-45c7-97f2-b4eece41329f,,72820,23-07-21 07:37:01,3
0f6e2054-79ec-45c7-97f2-b4eece41329f,,83555,23-07-21 07:37:09,5
0f6e2054-79ec-45c7-97f2-b4eece41329f,,83121,23-07-21 07:37:11,3
0f6e2054-79ec-45c7-97f2-b4eece41329f,,82127,23-07-21 07:37:15,3
0f6e2054-79ec-45c7-97f2-b4eece41329f,,91981,23-07-21 07:37:23,5
0f6e2054-79ec-45c7-97f2-b4eece41329f,,91980,23-07-21 07:37:44,5
0f6e2054-79ec-45c7-97f2-b4eece41329f,,82238,23-07-21 07:37:47,5
7469c728-fdd2-42ed-ba8b-9f62834e5761,,90569,23-07-21 07:38:47,5
7469c728-fdd2-42ed-ba8b-9f62834e5761,,90577,23-07-21 07:38:53,5
7469c728-fdd2-42ed-ba8b-9f62834e5761,,90573,23-07-21 07:38:56,5
7469c728-fdd2-42ed-ba8b-9f62834e5761,,86747,23-07-21 07:39:05,5
7469c728-fdd2-42ed-ba8b-9f62834e5761,,91947,23-07-21 07:39:31,5
7469c728-fdd2-42ed-ba8b-9f62834e5761,,90887,23-07-21 07:40:06,5
7469c728-fdd2-42ed-ba8b-9f62834e5761,,90882,23-07-21 07:40:11,5
7469c728-fdd2-42ed-ba8b-9f62834e5761,,90881,23-07-21 07:40:18,5
39767e97-0a22-498a-9c63-656be7cf3ce2,,87301,23-07-21 07:40:52,1
39767e97-0a22-498a-9c63-656be7cf3ce2,,87304,23-07-21 07:40:56,1
22af75f5-cabe-46e8-90b3-08613327f389,,83358,23-07-21 09:17:02,11
22af75f5-cabe-46e8-90b3-08613327f389,,71944,23-07-21 09:17:05,0
22af75f5-cabe-46e8-90b3-08613327f389,,83073,23-07-21 09:17:19,1
22af75f5-cabe-46e8-90b3-08613327f389,,82827,23-07-21 09:17:20,4
22af75f5-cabe-46e8-90b3-08613327f389,,84802,23-07-21 09:17:25,11
22af75f5-cabe-46e8-90b3-08613327f389,,81343,23-07-21 09:17:29,1
22af75f5-cabe-46e8-90b3-08613327f389,,82442,23-07-21 09:17:42,4
22af75f5-cabe-46e8-90b3-08613327f389,,86363,23-07-21 09:17:48,4
22af75f5-cabe-46e8-90b3-08613327f389,,85370,23-07-21 09:17:52,1
22af75f5-cabe-46e8-90b3-08613327f389,,88670,23-07-21 09:17:58,4
22af75f5-cabe-46e8-90b3-08613327f389,,88220,23-07-21 09:18:05,1
22af75f5-cabe-46e8-90b3-08613327f389,,84867,23-07-21 09:18:09,4
22af75f5-cabe-46e8-90b3-08613327f389,,80199,23-07-21 09:18:21,1
22af75f5-cabe-46e8-90b3-08613327f389,,82960,23-07-21 09:18:25,11
22af75f5-cabe-46e8-90b3-08613327f389,,85210,23-07-21 09:18:46,11
22af75f5-cabe-46e8-90b3-08613327f389,,83291,23-07-21 09:18:48,1
22af75f5-cabe-46e8-90b3-08613327f389,,91336,23-07-21 09:19:34,1
22af75f5-cabe-46e8-90b3-08613327f389,,91601,23-07-21 09:20:03,1
22af75f5-cabe-46e8-90b3-08613327f389,,90043,23-07-21 09:20:13,4
d3db05e1-7788-455a-bef9-5a905e1b7194,,92145,23-07-21 11:18:20,5
d3db05e1-7788-455a-bef9-5a905e1b7194,,82660,23-07-21 11:19:07,5
d3db05e1-7788-455a-bef9-5a905e1b7194,,86496,23-07-21 11:19:13,5
d3db05e1-7788-455a-bef9-5a905e1b7194,,86433,23-07-21 11:19:24,5
d3db05e1-7788-455a-bef9-5a905e1b7194,,80932,23-07-21 11:19:28,3
d3db05e1-7788-455a-bef9-5a905e1b7194,,72322,23-07-21 11:19:29,3
d3db05e1-7788-455a-bef9-5a905e1b7194,,84219,23-07-21 11:19:31,5
d3db05e1-7788-455a-bef9-5a905e1b7194,,77960,23-07-21 11:19:37,3
a7998705-1125-41c9-b0c3-26ee0b26ab90,,82406,23-07-21 12:52:00,11
a7998705-1125-41c9-b0c3-26ee0b26ab90,,82003,23-07-21 12:52:22,4
4a8384fe-ff0f-4550-a996-0ab76e54f485,,78761,23-07-21 12:55:21,5
09bb752a-15bb-4572-ae62-106fcc8a79b5,,90572,23-07-21 12:55:49,5
09bb752a-15bb-4572-ae62-106fcc8a79b5,,84221,23-07-21 12:56:01,5
09bb752a-15bb-4572-ae62-106fcc8a79b5,,89523,23-07-21 12:56:03,3
f504c195-4d0b-4d88-81c2-07a205ab1038,,85921,23-07-21 12:56:10,5
09bb752a-15bb-4572-ae62-106fcc8a79b5,,91181,23-07-21 12:56:11,5
f504c195-4d0b-4d88-81c2-07a205ab1038,,83788,23-07-21 12:56:13,6
b4612c96-8787-45b8-bfec-8cacf6d7259a,,91208,23-07-21 12:56:16,1
4a8384fe-ff0f-4550-a996-0ab76e54f485,,83488,23-07-21 12:56:20,5
f504c195-4d0b-4d88-81c2-07a205ab1038,,86899,23-07-21 12:56:21,5
4a8384fe-ff0f-4550-a996-0ab76e54f485,,82877,23-07-21 12:56:24,3
1631bf8b-89a4-4489-a78b-e067d41a5b12,,84794,23-07-21 12:56:25,5
f504c195-4d0b-4d88-81c2-07a205ab1038,,79498,23-07-21 12:56:25,5
4a8384fe-ff0f-4550-a996-0ab76e54f485,,72267,23-07-21 12:56:27,6
1631bf8b-89a4-4489-a78b-e067d41a5b12,,71531,23-07-21 12:56:29,5
b4612c96-8787-45b8-bfec-8cacf6d7259a,,92075,23-07-21 12:56:30,5
f504c195-4d0b-4d88-81c2-07a205ab1038,,72162,23-07-21 12:56:34,3
1631bf8b-89a4-4489-a78b-e067d41a5b12,,78778,23-07-21 12:56:45,6
b4612c96-8787-45b8-bfec-8cacf6d7259a,,91207,23-07-21 12:56:56,1
4a8384fe-ff0f-4550-a996-0ab76e54f485,,85041,23-07-21 12:57:12,6
4a8384fe-ff0f-4550-a996-0ab76e54f485,,83727,23-07-21 12:57:14,3
1631bf8b-89a4-4489-a78b-e067d41a5b12,,73847,23-07-21 12:57:15,5
4a8384fe-ff0f-4550-a996-0ab76e54f485,,81913,23-07-21 12:57:22,1
b4612c96-8787-45b8-bfec-8cacf6d7259a,,84282,23-07-21 12:57:34,4
09bb752a-15bb-4572-ae62-106fcc8a79b5,,87098,23-07-21 12:57:36,3
1631bf8b-89a4-4489-a78b-e067d41a5b12,,90577,23-07-21 12:57:49,5
b4612c96-8787-45b8-bfec-8cacf6d7259a,,82444,23-07-21 12:57:59,2
09bb752a-15bb-4572-ae62-106fcc8a79b5,,88685,23-07-21 12:58:16,5
1631bf8b-89a4-4489-a78b-e067d41a5b12,,83490,23-07-21 12:58:46,5
b4612c96-8787-45b8-bfec-8cacf6d7259a,,90678,23-07-21 12:59:04,1
4a8384fe-ff0f-4550-a996-0ab76e54f485,,91602,23-07-21 12:59:13,1
1631bf8b-89a4-4489-a78b-e067d41a5b12,,79566,23-07-21 12:59:21,5
4a8384fe-ff0f-4550-a996-0ab76e54f485,,73060,23-07-21 12:59:28,0
b4612c96-8787-45b8-bfec-8cacf6d7259a,,87581,23-07-21 12:59:34,1
09bb752a-15bb-4572-ae62-106fcc8a79b5,,90166,23-07-21 12:59:40,5
09bb752a-15bb-4572-ae62-106fcc8a79b5,,72058,23-07-21 12:59:43,5
09bb752a-15bb-4572-ae62-106fcc8a79b5,,78371,23-07-21 12:59:44,1
09bb752a-15bb-4572-ae62-106fcc8a79b5,,91515,23-07-21 12:59:49,5
09bb752a-15bb-4572-ae62-106fcc8a79b5,,81568,23-07-21 12:59:51,5
4a8384fe-ff0f-4550-a996-0ab76e54f485,,72827,23-07-21 12:59:51,5
09bb752a-15bb-4572-ae62-106fcc8a79b5,,71597,23-07-21 12:59:53,3
09bb752a-15bb-4572-ae62-106fcc8a79b5,,82662,23-07-21 12:59:55,5
09bb752a-15bb-4572-ae62-106fcc8a79b5,,73330,23-07-21 12:59:58,5
4a8384fe-ff0f-4550-a996-0ab76e54f485,,89517,23-07-21 13:00:22,1
09bb752a-15bb-4572-ae62-106fcc8a79b5,,91762,23-07-21 13:00:35,5
09bb752a-15bb-4572-ae62-106fcc8a79b5,,89237,23-07-21 13:01:06,5
09bb752a-15bb-4572-ae62-106fcc8a79b5,,86030,23-07-21 13:01:09,13
09bb752a-15bb-4572-ae62-106fcc8a79b5,,81986,23-07-21 13:01:14,5
09bb752a-15bb-4572-ae62-106fcc8a79b5,,84566,23-07-21 13:01:19,5
09bb752a-15bb-4572-ae62-106fcc8a79b5,,85350,23-07-21 13:01:23,3
b4612c96-8787-45b8-bfec-8cacf6d7259a,,81895,23-07-21 13:02:16,4
b4612c96-8787-45b8-bfec-8cacf6d7259a,,83324,23-07-21 13:02:44,1
e4a8fa6d-e9bb-426c-9865-e78800335448,,79796,23-07-21 13:29:40,5
e4a8fa6d-e9bb-426c-9865-e78800335448,,89784,23-07-21 13:29:41,3
e4a8fa6d-e9bb-426c-9865-e78800335448,,88534,23-07-21 13:29:57,5
e4a8fa6d-e9bb-426c-9865-e78800335448,,79198,23-07-21 13:30:01,3
e4a8fa6d-e9bb-426c-9865-e78800335448,,84140,23-07-21 13:30:03,5
e4a8fa6d-e9bb-426c-9865-e78800335448,,78191,23-07-21 13:30:03,5
e4a8fa6d-e9bb-426c-9865-e78800335448,,73836,23-07-21 13:30:06,3
e4a8fa6d-e9bb-426c-9865-e78800335448,,78578,23-07-21 13:30:07,5
e4a8fa6d-e9bb-426c-9865-e78800335448,,84779,23-07-21 13:30:14,3
8750a9ca-a635-4dc5-8a84-49b1772a2a7b,5.0,85332,23-07-21 14:08:54,5
8750a9ca-a635-4dc5-8a84-49b1772a2a7b,5.0,73335,23-07-21 14:09:06,5
8750a9ca-a635-4dc5-8a84-49b1772a2a7b,5.0,89944,23-07-21 14:09:12,6
8750a9ca-a635-4dc5-8a84-49b1772a2a7b,5.0,83756,23-07-21 14:11:24,0
8750a9ca-a635-4dc5-8a84-49b1772a2a7b,5.0,89685,23-07-21 14:11:53,13
0fd3b801-76f1-4f4e-bafb-5884fbcfcf7f,,71843,23-07-21 15:07:24,3
0fd3b801-76f1-4f4e-bafb-5884fbcfcf7f,,88543,23-07-21 15:07:37,3
0fd3b801-76f1-4f4e-bafb-5884fbcfcf7f,,88893,23-07-21 15:07:38,0
0fd3b801-76f1-4f4e-bafb-5884fbcfcf7f,,73856,23-07-21 15:07:41,4
0fd3b801-76f1-4f4e-bafb-5884fbcfcf7f,,90474,23-07-21 15:07:44,0
0fd3b801-76f1-4f4e-bafb-5884fbcfcf7f,,84767,23-07-21 15:07:55,13
a00800e9-d9c4-4c63-8e15-b8f461cb10e0,2.0,88543,23-07-21 15:08:00,3
a00800e9-d9c4-4c63-8e15-b8f461cb10e0,2.0,80365,23-07-21 15:08:06,1
a00800e9-d9c4-4c63-8e15-b8f461cb10e0,2.0,85326,23-07-21 15:08:18,5
0fd3b801-76f1-4f4e-bafb-5884fbcfcf7f,,82149,23-07-21 15:08:32,6
a00800e9-d9c4-4c63-8e15-b8f461cb10e0,2.0,82136,23-07-21 15:09:20,1
a00800e9-d9c4-4c63-8e15-b8f461cb10e0,2.0,79690,23-07-21 15:09:32,5
a00800e9-d9c4-4c63-8e15-b8f461cb10e0,2.0,86224,23-07-21 15:09:37,3
a00800e9-d9c4-4c63-8e15-b8f461cb10e0,2.0,84770,23-07-21 15:09:59,5
a00800e9-d9c4-4c63-8e15-b8f461cb10e0,2.0,86030,23-07-21 15:10:17,13
a00800e9-d9c4-4c63-8e15-b8f461cb10e0,2.0,71497,23-07-21 15:10:30,3
a00800e9-d9c4-4c63-8e15-b8f461cb10e0,2.0,90750,23-07-21 15:10:37,16
a00800e9-d9c4-4c63-8e15-b8f461cb10e0,2.0,74165,23-07-21 15:10:46,3
a00800e9-d9c4-4c63-8e15-b8f461cb10e0,2.0,80974,23-07-21 15:10:49,3
bea617ae-f82e-4acb-8430-638f0b617b1f,58.0,80602,23-07-21 15:13:45,5
0fd3b801-76f1-4f4e-bafb-5884fbcfcf7f,,88380,23-07-21 15:14:14,4
0fd3b801-76f1-4f4e-bafb-5884fbcfcf7f,,89285,23-07-21 15:14:26,1
0fd3b801-76f1-4f4e-bafb-5884fbcfcf7f,,73255,23-07-21 15:14:37,1
0fd3b801-76f1-4f4e-bafb-5884fbcfcf7f,,87395,23-07-21 15:14:38,4
0fd3b801-76f1-4f4e-bafb-5884fbcfcf7f,,72308,23-07-21 15:14:53,4
bea617ae-f82e-4acb-8430-638f0b617b1f,58.0,90027,23-07-21 15:14:53,5
bea617ae-f82e-4acb-8430-638f0b617b1f,58.0,80150,23-07-21 15:15:07,1
0fd3b801-76f1-4f4e-bafb-5884fbcfcf7f,,91787,23-07-21 15:15:47,5
0fd3b801-76f1-4f4e-bafb-5884fbcfcf7f,,71596,23-07-21 15:15:58,3
0fd3b801-76f1-4f4e-bafb-5884fbcfcf7f,,79600,23-07-21 15:16:11,5
86994b04-9ce8-4b56-9a95-1e2a45b88779,59.0,84275,23-07-21 15:16:13,5
86994b04-9ce8-4b56-9a95-1e2a45b88779,59.0,86033,23-07-21 15:16:25,13
86994b04-9ce8-4b56-9a95-1e2a45b88779,59.0,86374,23-07-21 15:16:56,13
86994b04-9ce8-4b56-9a95-1e2a45b88779,59.0,86540,23-07-21 15:17:02,13
86994b04-9ce8-4b56-9a95-1e2a45b88779,59.0,83057,23-07-21 15:17:16,5
67c56846-df79-4a55-90ec-3ec1a30b3480,60.0,82828,23-07-21 15:18:16,11
67c56846-df79-4a55-90ec-3ec1a30b3480,60.0,85886,23-07-21 15:18:18,11
67c56846-df79-4a55-90ec-3ec1a30b3480,60.0,86147,23-07-21 15:18:19,11
67c56846-df79-4a55-90ec-3ec1a30b3480,60.0,90176,23-07-21 15:18:19,4
86994b04-9ce8-4b56-9a95-1e2a45b88779,59.0,90506,23-07-21 15:18:21,5
67c56846-df79-4a55-90ec-3ec1a30b3480,60.0,73446,23-07-21 15:18:24,4
67c56846-df79-4a55-90ec-3ec1a30b3480,60.0,80009,23-07-21 15:18:26,1
86994b04-9ce8-4b56-9a95-1e2a45b88779,59.0,90171,23-07-21 15:18:26,5
67c56846-df79-4a55-90ec-3ec1a30b3480,60.0,89491,23-07-21 15:18:33,1
67c56846-df79-4a55-90ec-3ec1a30b3480,60.0,83487,23-07-21 15:18:43,1
67c56846-df79-4a55-90ec-3ec1a30b3480,60.0,90991,23-07-21 15:18:49,4
67c56846-df79-4a55-90ec-3ec1a30b3480,60.0,89884,23-07-21 15:18:50,7
86994b04-9ce8-4b56-9a95-1e2a45b88779,59.0,83792,23-07-21 15:18:54,5
67c56846-df79-4a55-90ec-3ec1a30b3480,60.0,71940,23-07-21 15:18:56,1
67c56846-df79-4a55-90ec-3ec1a30b3480,60.0,79599,23-07-21 15:18:57,1
86994b04-9ce8-4b56-9a95-1e2a45b88779,59.0,81576,23-07-21 15:19:12,5
29884321-a096-4ac6-b4e8-c29e7ad1c1ee,,73483,23-07-21 15:19:13,5
29884321-a096-4ac6-b4e8-c29e7ad1c1ee,,83344,23-07-21 15:19:18,5
29884321-a096-4ac6-b4e8-c29e7ad1c1ee,,71657,23-07-21 15:19:25,5
29884321-a096-4ac6-b4e8-c29e7ad1c1ee,,91713,23-07-21 15:19:28,5
29884321-a096-4ac6-b4e8-c29e7ad1c1ee,,91450,23-07-21 15:19:31,5
86994b04-9ce8-4b56-9a95-1e2a45b88779,59.0,82374,23-07-21 15:19:32,5
29884321-a096-4ac6-b4e8-c29e7ad1c1ee,,73072,23-07-21 15:19:48,5
29884321-a096-4ac6-b4e8-c29e7ad1c1ee,,73773,23-07-21 15:19:52,5
29884321-a096-4ac6-b4e8-c29e7ad1c1ee,,82071,23-07-21 15:19:57,6
86994b04-9ce8-4b56-9a95-1e2a45b88779,59.0,91947,23-07-21 15:19:59,5
86994b04-9ce8-4b56-9a95-1e2a45b88779,59.0,91314,23-07-21 15:20:03,5
29884321-a096-4ac6-b4e8-c29e7ad1c1ee,,83810,23-07-21 15:20:06,4
86994b04-9ce8-4b56-9a95-1e2a45b88779,59.0,91309,23-07-21 15:20:07,5
cfb15604-61cb-4efa-a88e-f2513d8df381,61.0,91899,23-07-21 15:20:39,1
cfb15604-61cb-4efa-a88e-f2513d8df381,61.0,91374,23-07-21 15:20:46,1
cfb15604-61cb-4efa-a88e-f2513d8df381,61.0,84203,23-07-21 15:20:53,1
cfb15604-61cb-4efa-a88e-f2513d8df381,61.0,82868,23-07-21 15:21:03,1
cfb15604-61cb-4efa-a88e-f2513d8df381,61.0,83711,23-07-21 15:24:08,1
cfb15604-61cb-4efa-a88e-f2513d8df381,61.0,83595,23-07-21 15:24:12,1
cfb15604-61cb-4efa-a88e-f2513d8df381,61.0,71941,23-07-21 15:24:39,1
530ac744-4f30-4412-b1f9-69341dbb21c7,,80214,23-07-21 15:45:37,5
11febaf6-3fb0-4837-9d3a-902ae4128498,49.0,87429,23-07-21 18:04:04,5
11febaf6-3fb0-4837-9d3a-902ae4128498,49.0,78338,23-07-21 18:04:06,1
11febaf6-3fb0-4837-9d3a-902ae4128498,49.0,88049,23-07-21 18:04:14,5
11febaf6-3fb0-4837-9d3a-902ae4128498,49.0,87817,23-07-21 18:04:16,1
11febaf6-3fb0-4837-9d3a-902ae4128498,49.0,86285,23-07-21 18:04:18,1
11febaf6-3fb0-4837-9d3a-902ae4128498,49.0,83794,23-07-21 18:04:20,8
11febaf6-3fb0-4837-9d3a-902ae4128498,49.0,86288,23-07-21 18:04:22,11
11febaf6-3fb0-4837-9d3a-902ae4128498,49.0,90922,23-07-21 18:04:23,5
11febaf6-3fb0-4837-9d3a-902ae4128498,49.0,80827,23-07-21 18:04:30,3
11febaf6-3fb0-4837-9d3a-902ae4128498,49.0,78966,23-07-21 18:04:40,5
11febaf6-3fb0-4837-9d3a-902ae4128498,49.0,84117,23-07-21 18:04:49,1
11febaf6-3fb0-4837-9d3a-902ae4128498,49.0,72095,23-07-21 18:04:52,3
11febaf6-3fb0-4837-9d3a-902ae4128498,49.0,82693,23-07-21 18:04:55,1
11febaf6-3fb0-4837-9d3a-902ae4128498,49.0,91985,23-07-21 18:05:03,5
11febaf6-3fb0-4837-9d3a-902ae4128498,49.0,79470,23-07-21 18:05:10,5
11febaf6-3fb0-4837-9d3a-902ae4128498,49.0,78030,23-07-21 18:05:18,1
11febaf6-3fb0-4837-9d3a-902ae4128498,49.0,72766,23-07-21 18:05:22,4
11febaf6-3fb0-4837-9d3a-902ae4128498,49.0,83787,23-07-21 18:05:24,8
11febaf6-3fb0-4837-9d3a-902ae4128498,49.0,82530,23-07-21 18:05:25,1
11febaf6-3fb0-4837-9d3a-902ae4128498,49.0,78330,23-07-21 18:05:27,0
11febaf6-3fb0-4837-9d3a-902ae4128498,49.0,81059,23-07-21 18:05:37,1
a432ff2a-708d-4a29-a717-3d078d026904,,80446,23-07-21 18:49:59,5
a432ff2a-708d-4a29-a717-3d078d026904,,87328,23-07-21 18:50:00,5
e9e8269e-8a1a-437c-a153-8736be681715,,85637,23-07-21 19:23:48,4
e75afc5d-9580-4ae3-a29e-6e5cca32df3a,,82698,23-07-21 19:27:03,1
e75afc5d-9580-4ae3-a29e-6e5cca32df3a,,82560,23-07-21 19:27:11,1
e75afc5d-9580-4ae3-a29e-6e5cca32df3a,,80989,23-07-21 19:27:28,3
e75afc5d-9580-4ae3-a29e-6e5cca32df3a,,85736,23-07-21 19:27:31,1
e75afc5d-9580-4ae3-a29e-6e5cca32df3a,,92065,23-07-21 19:27:45,13
e75afc5d-9580-4ae3-a29e-6e5cca32df3a,,89951,23-07-21 19:27:55,15
e75afc5d-9580-4ae3-a29e-6e5cca32df3a,,73151,23-07-21 19:28:43,1
45af3755-8d25-4c7a-9c4d-a01486cb0a67,,83056,23-07-21 20:15:55,5
45af3755-8d25-4c7a-9c4d-a01486cb0a67,,71740,23-07-21 20:15:56,5
a9b370bd-881b-4b96-9b70-94d7e8461297,,79052,23-07-21 23:18:23,12
a9b370bd-881b-4b96-9b70-94d7e8461297,,85227,23-07-21 23:18:32,7
a9b370bd-881b-4b96-9b70-94d7e8461297,,78740,23-07-21 23:18:41,1
a9b370bd-881b-4b96-9b70-94d7e8461297,,88706,23-07-21 23:18:56,1
a9b370bd-881b-4b96-9b70-94d7e8461297,,90034,23-07-21 23:19:00,4
a9b370bd-881b-4b96-9b70-94d7e8461297,,78495,23-07-21 23:19:07,11
a9b370bd-881b-4b96-9b70-94d7e8461297,,90821,23-07-21 23:19:09,4
a9b370bd-881b-4b96-9b70-94d7e8461297,,87138,23-07-21 23:19:46,4
a9b370bd-881b-4b96-9b70-94d7e8461297,,78603,23-07-21 23:20:18,8
a9b370bd-881b-4b96-9b70-94d7e8461297,,74092,23-07-21 23:20:34,4
a9b370bd-881b-4b96-9b70-94d7e8461297,,84872,23-07-21 23:20:42,4
d5fb84a1-6564-4d15-a10f-9dd2244dfb6c,62.0,89842,23-07-22 00:48:41,5
d5fb84a1-6564-4d15-a10f-9dd2244dfb6c,62.0,83513,23-07-22 00:48:43,5
d5fb84a1-6564-4d15-a10f-9dd2244dfb6c,62.0,85083,23-07-22 00:48:44,13
d5fb84a1-6564-4d15-a10f-9dd2244dfb6c,62.0,85738,23-07-22 00:48:45,5
d5fb84a1-6564-4d15-a10f-9dd2244dfb6c,62.0,80185,23-07-22 00:48:50,5
d5fb84a1-6564-4d15-a10f-9dd2244dfb6c,62.0,73480,23-07-22 00:48:50,3
d5fb84a1-6564-4d15-a10f-9dd2244dfb6c,62.0,80281,23-07-22 00:49:04,3
d5fb84a1-6564-4d15-a10f-9dd2244dfb6c,62.0,79793,23-07-22 00:49:06,3
d5fb84a1-6564-4d15-a10f-9dd2244dfb6c,62.0,80676,23-07-22 00:49:09,3
4126ef15-ff50-4bb3-9bf3-eee8754f1008,,92106,23-07-22 00:49:59,11
4126ef15-ff50-4bb3-9bf3-eee8754f1008,,92165,23-07-22 00:50:01,11
4126ef15-ff50-4bb3-9bf3-eee8754f1008,,92166,23-07-22 00:50:03,11
4126ef15-ff50-4bb3-9bf3-eee8754f1008,,92169,23-07-22 00:50:06,11
1d7d47c0-1bef-448c-988c-dd28bece3289,63.0,84476,23-07-22 15:28:59,5
1d7d47c0-1bef-448c-988c-dd28bece3289,63.0,87711,23-07-22 15:29:01,4
cf8072f1-6b8c-49e1-9207-87707e0fd979,,91708,23-07-22 17:50:52,11
cf8072f1-6b8c-49e1-9207-87707e0fd979,,78120,23-07-22 17:50:53,3
cf8072f1-6b8c-49e1-9207-87707e0fd979,,85969,23-07-22 17:50:59,3
cf8072f1-6b8c-49e1-9207-87707e0fd979,,85615,23-07-22 17:50:59,11
a8bdf495-4ed8-4caa-9959-d8169c5a1397,64.0,86735,23-07-23 13:06:29,0
a8bdf495-4ed8-4caa-9959-d8169c5a1397,64.0,81835,23-07-23 13:06:38,1
a8bdf495-4ed8-4caa-9959-d8169c5a1397,64.0,90884,23-07-23 13:07:11,5
a8bdf495-4ed8-4caa-9959-d8169c5a1397,64.0,82424,23-07-23 13:09:12,1
a8bdf495-4ed8-4caa-9959-d8169c5a1397,64.0,80149,23-07-23 13:09:24,1
a8bdf495-4ed8-4caa-9959-d8169c5a1397,64.0,88463,23-07-23 13:09:36,1
a8bdf495-4ed8-4caa-9959-d8169c5a1397,64.0,89715,23-07-23 13:10:32,1
a8bdf495-4ed8-4caa-9959-d8169c5a1397,64.0,73942,23-07-23 13:11:17,1
a8bdf495-4ed8-4caa-9959-d8169c5a1397,64.0,85631,23-07-23 13:14:46,0
2c235b35-be62-4fc6-a3ca-581710c516e5,,91103,23-07-23 14:49:28,1
2c235b35-be62-4fc6-a3ca-581710c516e5,,90088,23-07-23 14:50:16,1
2c235b35-be62-4fc6-a3ca-581710c516e5,,79677,23-07-23 14:50:21,11
2c235b35-be62-4fc6-a3ca-581710c516e5,,86181,23-07-23 14:50:43,11
2c235b35-be62-4fc6-a3ca-581710c516e5,,88027,23-07-23 14:51:05,1
2c235b35-be62-4fc6-a3ca-581710c516e5,,85199,23-07-23 14:51:19,4
2ceea845-15ed-4ea7-94e0-80f74204fece,,80494,23-07-23 16:17:13,5
2ceea845-15ed-4ea7-94e0-80f74204fece,,73516,23-07-23 16:17:14,5
5c38c208-fdf5-4edf-9710-0bc4ec7366f3,,83815,23-07-23 19:53:12,11
5c38c208-fdf5-4edf-9710-0bc4ec7366f3,,87408,23-07-23 19:53:25,0
5c38c208-fdf5-4edf-9710-0bc4ec7366f3,,91380,23-07-23 19:53:31,1
5c38c208-fdf5-4edf-9710-0bc4ec7366f3,,92151,23-07-23 19:53:36,1
5c38c208-fdf5-4edf-9710-0bc4ec7366f3,,81416,23-07-23 19:53:44,1
5c38c208-fdf5-4edf-9710-0bc4ec7366f3,,80886,23-07-23 19:53:48,1
5c38c208-fdf5-4edf-9710-0bc4ec7366f3,,81903,23-07-23 19:53:53,1
5c38c208-fdf5-4edf-9710-0bc4ec7366f3,,82252,23-07-23 19:55:49,1
5c38c208-fdf5-4edf-9710-0bc4ec7366f3,,84111,23-07-23 19:55:55,1
68c7db88-4e4d-4897-9bb8-92b2ad3f6db4,,80976,23-07-23 19:56:26,5
68c7db88-4e4d-4897-9bb8-92b2ad3f6db4,,81239,23-07-23 19:56:31,5
68c7db88-4e4d-4897-9bb8-92b2ad3f6db4,,73394,23-07-23 19:56:38,5
68c7db88-4e4d-4897-9bb8-92b2ad3f6db4,,82094,23-07-23 19:56:42,5
68c7db88-4e4d-4897-9bb8-92b2ad3f6db4,,74223,23-07-23 19:56:53,5
68c7db88-4e4d-4897-9bb8-92b2ad3f6db4,,73430,23-07-23 19:56:58,5
68c7db88-4e4d-4897-9bb8-92b2ad3f6db4,,72802,23-07-23 19:57:10,5
68c7db88-4e4d-4897-9bb8-92b2ad3f6db4,,72803,23-07-23 19:57:18,5
68c7db88-4e4d-4897-9bb8-92b2ad3f6db4,,80598,23-07-23 19:57:28,5
2f8a5b9a-a409-45c6-b23b-24dc60c18542,,83484,23-07-23 22:03:21,1
2f8a5b9a-a409-45c6-b23b-24dc60c18542,,82739,23-07-23 22:03:30,1
2f8a5b9a-a409-45c6-b23b-24dc60c18542,,89080,23-07-23 22:03:42,3
2f8a5b9a-a409-45c6-b23b-24dc60c18542,,85150,23-07-23 22:03:52,5
2f8a5b9a-a409-45c6-b23b-24dc60c18542,,87016,23-07-23 22:04:22,0
2f8a5b9a-a409-45c6-b23b-24dc60c18542,,87662,23-07-23 22:04:24,13
2f8a5b9a-a409-45c6-b23b-24dc60c18542,,86441,23-07-23 22:04:29,13
2f8a5b9a-a409-45c6-b23b-24dc60c18542,,90440,23-07-23 22:04:47,1
2f8a5b9a-a409-45c6-b23b-24dc60c18542,,87637,23-07-23 22:04:53,1
2f8a5b9a-a409-45c6-b23b-24dc60c18542,,86005,23-07-23 22:05:08,1
2f8a5b9a-a409-45c6-b23b-24dc60c18542,,71831,23-07-23 22:05:18,6
2f8a5b9a-a409-45c6-b23b-24dc60c18542,,89701,23-07-23 22:05:27,8
2f8a5b9a-a409-45c6-b23b-24dc60c18542,,89687,23-07-23 22:05:41,1
2f8a5b9a-a409-45c6-b23b-24dc60c18542,,87058,23-07-23 22:05:47,1
2f8a5b9a-a409-45c6-b23b-24dc60c18542,,80321,23-07-23 22:05:56,1
2f8a5b9a-a409-45c6-b23b-24dc60c18542,,84306,23-07-23 22:06:14,1
2f8a5b9a-a409-45c6-b23b-24dc60c18542,,71592,23-07-23 22:06:21,5
2f8a5b9a-a409-45c6-b23b-24dc60c18542,,85667,23-07-23 22:06:23,1
2f8a5b9a-a409-45c6-b23b-24dc60c18542,,85378,23-07-23 22:06:43,1
2f8a5b9a-a409-45c6-b23b-24dc60c18542,,77649,23-07-23 22:06:48,0
2f8a5b9a-a409-45c6-b23b-24dc60c18542,,83578,23-07-23 22:06:53,1
2f8a5b9a-a409-45c6-b23b-24dc60c18542,,79851,23-07-23 22:07:34,1
2f8a5b9a-a409-45c6-b23b-24dc60c18542,,78335,23-07-23 22:07:37,1
2f8a5b9a-a409-45c6-b23b-24dc60c18542,,90436,23-07-23 22:08:00,0
2f8a5b9a-a409-45c6-b23b-24dc60c18542,,88897,23-07-23 22:08:01,1
2f8a5b9a-a409-45c6-b23b-24dc60c18542,,78831,23-07-23 22:08:10,5
2f8a5b9a-a409-45c6-b23b-24dc60c18542,,85294,23-07-23 22:08:14,1
2f8a5b9a-a409-45c6-b23b-24dc60c18542,,90215,23-07-23 22:08:20,1
2f8a5b9a-a409-45c6-b23b-24dc60c18542,,81082,23-07-23 22:08:41,1
2f8a5b9a-a409-45c6-b23b-24dc60c18542,,82706,23-07-23 22:09:18,1
2f8a5b9a-a409-45c6-b23b-24dc60c18542,,86698,23-07-23 22:09:24,1
2f8a5b9a-a409-45c6-b23b-24dc60c18542,,85193,23-07-23 22:09:33,5
2f8a5b9a-a409-45c6-b23b-24dc60c18542,,72700,23-07-23 22:09:36,1
2f8a5b9a-a409-45c6-b23b-24dc60c18542,,86518,23-07-23 22:09:39,1
2f8a5b9a-a409-45c6-b23b-24dc60c18542,,81995,23-07-23 22:09:51,1
2f8a5b9a-a409-45c6-b23b-24dc60c18542,,82085,23-07-23 22:09:56,1
2f8a5b9a-a409-45c6-b23b-24dc60c18542,,85372,23-07-23 22:10:03,1
2f8a5b9a-a409-45c6-b23b-24dc60c18542,,80332,23-07-23 22:10:12,1
2f8a5b9a-a409-45c6-b23b-24dc60c18542,,86767,23-07-23 22:10:27,3
2f8a5b9a-a409-45c6-b23b-24dc60c18542,,83175,23-07-23 22:10:33,11
2f8a5b9a-a409-45c6-b23b-24dc60c18542,,88145,23-07-23 22:10:40,5
2f8a5b9a-a409-45c6-b23b-24dc60c18542,,90525,23-07-23 22:10:57,1
2f8a5b9a-a409-45c6-b23b-24dc60c18542,,81782,23-07-23 22:11:07,1
2f8a5b9a-a409-45c6-b23b-24dc60c18542,,72830,23-07-23 22:11:12,4
2f8a5b9a-a409-45c6-b23b-24dc60c18542,,87603,23-07-23 22:11:14,1
2f8a5b9a-a409-45c6-b23b-24dc60c18542,,87368,23-07-23 22:11:24,1
2f8a5b9a-a409-45c6-b23b-24dc60c18542,,83435,23-07-23 22:11:44,1
2f8a5b9a-a409-45c6-b23b-24dc60c18542,,91640,23-07-23 22:11:50,11
2f8a5b9a-a409-45c6-b23b-24dc60c18542,,80960,23-07-23 22:11:58,1
2f8a5b9a-a409-45c6-b23b-24dc60c18542,,84928,23-07-23 22:12:36,1
2f8a5b9a-a409-45c6-b23b-24dc60c18542,,91794,23-07-23 22:12:46,5
2f8a5b9a-a409-45c6-b23b-24dc60c18542,,91315,23-07-23 22:12:56,5
2f8a5b9a-a409-45c6-b23b-24dc60c18542,,72528,23-07-23 22:13:30,5
2f8a5b9a-a409-45c6-b23b-24dc60c18542,,86495,23-07-23 22:13:48,0
2f8a5b9a-a409-45c6-b23b-24dc60c18542,,90545,23-07-23 22:13:53,1
2f8a5b9a-a409-45c6-b23b-24dc60c18542,,84217,23-07-23 22:13:54,1
2f8a5b9a-a409-45c6-b23b-24dc60c18542,,73715,23-07-23 22:14:03,3
2f8a5b9a-a409-45c6-b23b-24dc60c18542,,84733,23-07-23 22:14:05,5
2f8a5b9a-a409-45c6-b23b-24dc60c18542,,72158,23-07-23 22:14:51,0
2f8a5b9a-a409-45c6-b23b-24dc60c18542,,91801,23-07-23 22:15:26,3
2f8a5b9a-a409-45c6-b23b-24dc60c18542,,79262,23-07-23 22:15:35,1
2f8a5b9a-a409-45c6-b23b-24dc60c18542,,81788,23-07-23 22:15:50,1
2f8a5b9a-a409-45c6-b23b-24dc60c18542,,87787,23-07-23 22:15:56,0
2f8a5b9a-a409-45c6-b23b-24dc60c18542,,81354,23-07-23 22:16:03,4
2f8a5b9a-a409-45c6-b23b-24dc60c18542,,79407,23-07-23 22:16:16,1
2f8a5b9a-a409-45c6-b23b-24dc60c18542,,84406,23-07-23 22:16:55,1
2f8a5b9a-a409-45c6-b23b-24dc60c18542,,86269,23-07-23 22:17:03,1
2f8a5b9a-a409-45c6-b23b-24dc60c18542,,90212,23-07-23 22:17:30,1
2f8a5b9a-a409-45c6-b23b-24dc60c18542,,91725,23-07-23 22:17:54,0
2f8a5b9a-a409-45c6-b23b-24dc60c18542,,84635,23-07-23 22:18:22,12
2f8a5b9a-a409-45c6-b23b-24dc60c18542,,87550,23-07-23 22:18:35,0
2f8a5b9a-a409-45c6-b23b-24dc60c18542,,86939,23-07-23 22:18:41,1
2f8a5b9a-a409-45c6-b23b-24dc60c18542,,82656,23-07-23 22:18:54,5
2f8a5b9a-a409-45c6-b23b-24dc60c18542,,81508,23-07-23 22:18:55,0
2f8a5b9a-a409-45c6-b23b-24dc60c18542,,91115,23-07-23 22:19:56,0
ce07109b-911a-4a84-9077-fd971e77ce41,,91247,23-07-24 00:29:14,5
ce07109b-911a-4a84-9077-fd971e77ce41,,78273,23-07-24 00:29:23,5
ce07109b-911a-4a84-9077-fd971e77ce41,,91127,23-07-24 00:29:43,5
ce07109b-911a-4a84-9077-fd971e77ce41,,81743,23-07-24 00:30:12,5
ce07109b-911a-4a84-9077-fd971e77ce41,,81240,23-07-24 00:30:20,5
ce07109b-911a-4a84-9077-fd971e77ce41,,89113,23-07-24 00:30:24,5
ce07109b-911a-4a84-9077-fd971e77ce41,,89105,23-07-24 00:30:33,5
ce07109b-911a-4a84-9077-fd971e77ce41,,85189,23-07-24 00:30:43,5
ce07109b-911a-4a84-9077-fd971e77ce41,,79409,23-07-24 00:31:09,3
1e6c45ed-d695-4448-a504-8dcaeb40198a,,86350,23-07-24 08:48:32,13
1e6c45ed-d695-4448-a504-8dcaeb40198a,,86033,23-07-24 08:48:42,13
1e6c45ed-d695-4448-a504-8dcaeb40198a,,86540,23-07-24 08:48:51,13
1e6c45ed-d695-4448-a504-8dcaeb40198a,,84765,23-07-24 08:50:15,5
1e6c45ed-d695-4448-a504-8dcaeb40198a,,80598,23-07-24 08:50:22,5
1e6c45ed-d695-4448-a504-8dcaeb40198a,,86819,23-07-24 08:50:29,6
ce07109b-911a-4a84-9077-fd971e77ce41,,78181,23-07-24 09:52:00,3
ce07109b-911a-4a84-9077-fd971e77ce41,,86413,23-07-24 09:52:05,3
ce07109b-911a-4a84-9077-fd971e77ce41,,78084,23-07-24 09:52:10,3
ce07109b-911a-4a84-9077-fd971e77ce41,,78211,23-07-24 09:52:11,3
ce07109b-911a-4a84-9077-fd971e77ce41,,78522,23-07-24 09:52:13,3
ce07109b-911a-4a84-9077-fd971e77ce41,,78360,23-07-24 09:52:14,3
ce07109b-911a-4a84-9077-fd971e77ce41,,77868,23-07-24 09:52:16,3
ce07109b-911a-4a84-9077-fd971e77ce41,,77431,23-07-24 09:52:19,3
ce07109b-911a-4a84-9077-fd971e77ce41,,78267,23-07-24 09:52:22,3
ce07109b-911a-4a84-9077-fd971e77ce41,,78189,23-07-24 09:52:24,3
ce07109b-911a-4a84-9077-fd971e77ce41,,86704,23-07-24 09:52:29,3
ce07109b-911a-4a84-9077-fd971e77ce41,,78465,23-07-24 09:52:30,3
ce07109b-911a-4a84-9077-fd971e77ce41,,89231,23-07-24 09:52:36,5
ce07109b-911a-4a84-9077-fd971e77ce41,,78974,23-07-24 09:52:53,13
ce07109b-911a-4a84-9077-fd971e77ce41,,92028,23-07-24 09:53:12,3
ce07109b-911a-4a84-9077-fd971e77ce41,,81357,23-07-24 09:53:17,5
ce07109b-911a-4a84-9077-fd971e77ce41,,79748,23-07-24 09:53:26,5
c3c5ee77-ca84-4449-b691-3248e9bb1988,,83194,23-07-24 09:54:25,4
c3c5ee77-ca84-4449-b691-3248e9bb1988,,83543,23-07-24 09:54:28,4
c3c5ee77-ca84-4449-b691-3248e9bb1988,,83305,23-07-24 09:54:31,1
c3c5ee77-ca84-4449-b691-3248e9bb1988,,84464,23-07-24 09:54:40,4
c3c5ee77-ca84-4449-b691-3248e9bb1988,,86906,23-07-24 09:54:58,4
c3c5ee77-ca84-4449-b691-3248e9bb1988,,81370,23-07-24 09:55:12,0
c3c5ee77-ca84-4449-b691-3248e9bb1988,,80801,23-07-24 09:55:21,4
9dbefda2-f9fe-4ad9-bdbd-4ceb8d6d1724,,85491,23-07-24 09:55:39,4
9dbefda2-f9fe-4ad9-bdbd-4ceb8d6d1724,,85708,23-07-24 09:55:45,1
9dbefda2-f9fe-4ad9-bdbd-4ceb8d6d1724,,81239,23-07-24 09:56:09,5
9dbefda2-f9fe-4ad9-bdbd-4ceb8d6d1724,,91325,23-07-24 09:56:31,0
9dbefda2-f9fe-4ad9-bdbd-4ceb8d6d1724,,81179,23-07-24 09:56:36,4
9dbefda2-f9fe-4ad9-bdbd-4ceb8d6d1724,,81243,23-07-24 09:56:41,4
9dbefda2-f9fe-4ad9-bdbd-4ceb8d6d1724,,81046,23-07-24 09:56:45,4
9dbefda2-f9fe-4ad9-bdbd-4ceb8d6d1724,,80704,23-07-24 09:56:48,4
9dbefda2-f9fe-4ad9-bdbd-4ceb8d6d1724,,91051,23-07-24 09:57:09,10
4135551c-bc9f-4042-a25e-df4c8ccb9edb,,82980,23-07-24 09:57:47,1
4135551c-bc9f-4042-a25e-df4c8ccb9edb,,84075,23-07-24 09:57:50,1
4135551c-bc9f-4042-a25e-df4c8ccb9edb,,82699,23-07-24 09:57:52,1
4135551c-bc9f-4042-a25e-df4c8ccb9edb,,82705,23-07-24 09:57:57,11
4135551c-bc9f-4042-a25e-df4c8ccb9edb,,83001,23-07-24 09:58:10,0
4135551c-bc9f-4042-a25e-df4c8ccb9edb,,89551,23-07-24 09:58:12,0
4135551c-bc9f-4042-a25e-df4c8ccb9edb,,91114,23-07-24 09:58:17,0
5faf94be-dc77-4133-aeff-20ec7c1b7511,,84180,23-07-24 09:59:24,1
5faf94be-dc77-4133-aeff-20ec7c1b7511,,83693,23-07-24 09:59:27,0
5faf94be-dc77-4133-aeff-20ec7c1b7511,,83160,23-07-24 09:59:35,0
5faf94be-dc77-4133-aeff-20ec7c1b7511,,83667,23-07-24 09:59:39,0
5faf94be-dc77-4133-aeff-20ec7c1b7511,,83610,23-07-24 09:59:40,1
5faf94be-dc77-4133-aeff-20ec7c1b7511,,83273,23-07-24 10:00:09,0
5faf94be-dc77-4133-aeff-20ec7c1b7511,,80814,23-07-24 10:00:13,1
84ac6b46-231c-4b30-8755-daa2e19f9661,,80891,23-07-24 10:01:18,7
84ac6b46-231c-4b30-8755-daa2e19f9661,,89652,23-07-24 10:01:21,7
84ac6b46-231c-4b30-8755-daa2e19f9661,,81795,23-07-24 10:01:24,7
84ac6b46-231c-4b30-8755-daa2e19f9661,,85261,23-07-24 10:02:21,4
